feature_a,feature_b,n_medidas_de_7,L_B10,L_B20,L_B50,L_ksg,G_B10,G_B20,G_B50,pearson_abs,spearman_abs,r_info,r_info_B10,r_info_B50,ksg_r_info,gauss_ratio,gauss_ratio_B10,gauss_ratio_B50,nmi_sqrt,nmi_max,u_x_given_y,u_y_given_x,H_x,H_y,mi_corr_bits,mi_ref_gauss_bits,g_stat,g_dof,g_pvalue,benign_pearson,benign_r_info,benign_gauss_ratio
Flow Packets/s,Flow IAT Mean,7,True,True,True,True,True,True,True,0.0404379368829646,0.9958812641841072,0.9947138280918608,0.9871753183219608,0.9987772965439068,0.9999269721494536,2.0937934662869364,1.8505980290947013,2.643558971560965,0.7597916444890193,0.7597805573221612,0.7598027318176679,0.7597805573221612,4.32176595458307,4.321892087028573,3.2836895785688074,1.568296793089145,9559632.32288726,361,0.0,0.0383932770316272,0.9949825896302328,2.135009475579328
Flow Packets/s,Bwd Packets/s,7,True,True,True,True,True,True,True,0.4815020254356825,0.890922364451001,0.9939310012680448,0.9840805968267669,0.9989184785587744,0.999997442033671,2.0296633337970404,1.741643750934724,2.7002026428576493,0.7368083747155383,0.736798705109951,0.7368180444480278,0.736798705109951,4.32176595458307,4.321879391390578,3.184355139217961,1.5689080480459554,9270445.207457148,361,0.0,0.3579079291011971,0.9940852556080734,2.058707657660389
Flow IAT Mean,Bwd Packets/s,7,True,True,True,True,True,True,True,0.0438254734812311,0.8870739280472306,0.9918394022533008,0.98096307101203,0.99786826055274,0.9999211911245052,1.894866017161462,1.6526904333003585,2.4024772728103674,0.6875480383031168,0.6875470284598315,0.6875470284598315,0.6875490481478856,4.321892087028573,4.321879391390578,2.971504061760555,1.5681868980963165,8650783.089179188,361,0.0,0.039651252575795,0.9914955769473214,1.8766458467555815
Flow Duration,Flow IAT Max,7,True,True,True,True,True,True,True,0.6604142298460348,0.9859896947777512,0.9912521778672392,0.9789145548462426,0.9973031526731015,0.9999586254747588,1.864752170200131,1.6022741736904786,2.297575176996086,0.6760240149848651,0.6760094176319527,0.6760094176319527,0.6760386126529843,4.321821786703103,4.321635146952657,2.9215922291382497,1.566745584655732,8505477.402690185,361,0.0,0.6451843090783085,0.9904279949871664,1.8226950537889528
Bwd IAT Mean,Bwd IAT Max,7,True,True,True,True,True,True,True,0.7841121079513093,0.9949181233129624,0.9905465201947676,0.9844191846908728,0.993774777823671,0.997911720102622,2.0942882491256585,1.9516890590463527,2.2475421331169323,0.8096802867019289,0.8096052077811222,0.809755372585196,0.8096052077811222,3.539201103388576,3.539857551043754,2.865887108128353,1.3684301143000863,8343306.021195394,169,0.0,0.7685421555738484,0.9902463354520348,2.0339031370966163
Total Length of Fwd Packet,Fwd Packet Length Max,7,True,True,True,True,True,True,True,0.2141837234305871,0.8876141586441983,0.9878501115933884,0.9693872888162272,0.9963428361205552,0.9996975779089394,1.8076045090521031,1.4416195277760946,2.320272303300181,0.6585740674418948,0.6574349326806365,0.6574349326806365,0.6597151759771952,4.085350413473319,4.071229785005712,2.6858520740586416,1.4858626766023535,7819179.519659567,289,0.0,0.1929516085243749,0.987080067076903,1.7156203913488135
Fwd Packet Length Min,Packet Length Min,7,True,True,True,True,True,True,True,0.839400903528461,0.9984823511935657,0.9854886827352408,0.971845217376597,0.9933500894372964,0.9961716616314245,2.509742005785629,2.1826993288640524,2.9741368034767075,0.9930087595038756,0.9920690775968932,0.9920690775968932,0.99394933147195,2.579045996800042,2.5741672156832505,2.5585917831253777,1.0194640633288747,7448693.345032822,100,0.0,0.8238386294117177,0.993241241891714,2.596264744590905
Flow Duration,Flow Packets/s,7,True,True,True,True,True,True,True,0.072036749603531,0.9586207452934238,0.9850246753127254,0.9705436361247564,0.9948439687193532,0.9998961191939856,1.6175598213688442,1.4355159056303988,2.0121887171798414,0.5868063259533438,0.586802535567176,0.586802535567176,0.5868101163639952,4.321821786703103,4.32176595458307,2.536055982706844,1.5678282491962066,7383086.057575081,361,0.0,0.0705823814618146,0.9849469161342712,1.6276651292225677
Flow Packets/s,Flow IAT Max,7,True,True,True,True,True,True,True,0.0612394620693543,0.9721948099679903,0.984409220476762,0.9698371612828658,0.9940002137076132,0.9994878428545124,1.5991856763124517,1.4236062136779006,1.9458666167628813,0.5801481965867102,0.5801394167978557,0.5801394167978557,0.5801569765084374,4.32176595458307,4.321635146952657,2.5072267804286503,1.5678146806630002,7299157.121131036,361,0.0,0.0575885854430116,0.982851965388483,1.5680061858735606
Fwd Packet Length Max,Fwd Packet Length Mean,7,True,True,True,True,True,True,True,0.7919108017848584,0.8462761394974172,0.9841849642390306,0.9622844320166588,0.995661001378423,0.9994597798723204,1.6804805107741774,1.3366902566618513,2.2391656271527776,0.6123738979656403,0.6114195159679265,0.6133297696851798,0.6114195159679265,4.071229785005712,4.083949499747377,2.497006426372997,1.485888357742784,7269403.143282631,289,0.0,0.7874044668285444,0.9877539307574824,1.740071740186418
Flow IAT Std,Flow IAT Max,7,True,True,True,True,True,True,True,0.8890806193896883,0.8468655874617848,0.9825632186088068,0.9636412820229738,0.990718808946293,0.9995972506922046,1.6937283703503754,1.4130063056975568,1.9497875771170987,0.6008411066906584,0.5616341260780192,0.6427850779122807,0.5616341260780192,3.7760331756146313,4.321635146952657,2.4271777789868074,1.4330383912059677,7066114.684174551,285,0.0,0.8816940105305514,0.9817615110447476,1.6358021213045135
Flow IAT Max,Bwd Packets/s,7,True,True,True,True,True,True,True,0.0663683530146888,0.8649378344587721,0.9813887561373492,0.9625942684238656,0.9932859592733922,0.99953976038167,1.518729179735654,1.316719520282967,1.8989107980915363,0.5508372457294802,0.5508216806451552,0.5508528112536424,0.5508216806451552,4.321635146952657,4.321879391390578,2.3805848699114187,1.5674847771910043,6930471.2048026165,361,0.0,0.0594730711512867,0.9798143465969004,1.481627583139013
Flow Duration,Bwd Packets/s,7,True,True,True,True,True,True,True,0.0780674259126932,0.8527271344412092,0.980561748744626,0.9606278978946532,0.9949377451468384,0.999937692193511,1.4986602404371128,1.2915534885767426,2.0226738035017298,0.5436384226640667,0.5436347996770566,0.5436420456752217,0.5436347996770566,4.321821786703103,4.321879391390578,2.3495240371670163,1.5677496298171845,6840045.440254982,361,0.0,0.0728875114316218,0.982353741801916,1.542801926071508
Flow IAT Mean,Flow IAT Max,7,True,True,True,True,True,True,True,0.7284283947204826,0.9573324622558278,0.97982505686118,0.9634550237754836,0.9930708602110676,0.9998842691253962,1.4822739163045182,1.3287732594039778,1.8832449028663,0.5375026309832184,0.5374866532567136,0.5374866532567136,0.537518609184689,4.321892087028573,4.321635146952657,2.322959313593661,1.5671592733582396,6762708.961259577,361,0.0,0.7192408913330368,0.9807005997543722,1.5023060793703782
Flow Duration,Flow IAT Mean,7,True,True,True,True,True,True,True,0.4453148356989214,0.9407252542051368,0.9792417901505204,0.961420691498294,0.9941538634191291,0.9999862478473271,1.469257079384063,1.3021469625480713,1.9575313825049887,0.5327832869554618,0.5327789537849389,0.5327876201612273,0.5327789537849389,4.321821786703103,4.321892087028573,2.302613144498489,1.5671955417521508,6703476.23201545,361,0.0,0.4236904519070303,0.9837717204015292,1.581263779074112
Flow Packets/s,Flow IAT Std,7,True,True,True,True,True,True,True,0.0506871186593614,0.7705672542639438,0.9791807900639896,0.9634051510744456,0.9914028115075052,0.99672656230418,1.6047749230240929,1.4088524533792788,1.9868151768608917,0.5694783937748026,0.5323098837722045,0.5323098837722045,0.6092421930589432,4.32176595458307,3.7760331756146313,2.300518732974784,1.4335460381195435,6697378.882183688,285,0.0,0.0478510663219784,0.9808539564295728,1.612007571130733
Flow IAT Mean,Flow IAT Std,7,True,True,True,True,True,True,True,0.7832917960935151,0.7345221469787879,0.9776840900291712,0.9638215069251852,0.9910812310417744,0.9995466628446554,1.5707278885794065,1.4149908768214996,1.969312811304298,0.557208703674227,0.5208334070621582,0.5208334070621582,0.596124471357611,4.321892087028573,3.7760331756146313,2.250985780642073,1.4330844935069589,6553176.209903626,285,0.0,0.7706298430463656,0.9821050121663396,1.6449619079092486
Flow IAT Std,Bwd Packets/s,7,True,True,True,True,True,True,True,0.0549338843204114,0.6903384168357316,0.9744862060124674,0.9557684229805112,0.9897903931472446,0.996745998757619,1.5037835133131736,1.3098506907803804,1.903086135294255,0.5335855074049415,0.4987530957982541,0.5708505793972168,0.4987530957982541,3.7760331756146313,4.321879391390578,2.155550726122725,1.433418246070248,6275341.167920971,285,0.0,0.0494196745085469,0.9770985462548948,1.5247055473558768
Packet Length Mean,Packet Length Std,7,True,True,True,True,True,True,True,0.9351435235111276,0.9506621836567402,0.9737778791466924,0.960137038798667,0.9832757075408114,0.9988287579073424,1.4464722959056326,1.3275774605513708,1.6186799166728167,0.5246857131956938,0.5220636154106738,0.5220636154106738,0.5273209806339731,4.091562832390144,4.050770144570117,2.136056084957535,1.476734874911763,6218587.447038786,289,0.0,0.8916871731040699,0.9660207727681336,1.2793520251076311
Flow Duration,Flow IAT Std,7,True,True,True,True,True,True,True,0.5587297346132439,0.8551364454963803,0.9685827622666464,0.9528802668982412,0.9851284557138572,0.9989367871648608,1.40085208962225,1.2765884050681844,1.720948110996012,0.4969579444672332,0.4645196724285483,0.4645196724285483,0.5316614413291305,4.321821786703103,3.7760331756146313,2.007571240653889,1.4331072177614732,5844536.294754892,285,0.0,0.5405824820314593,0.9702178626571778,1.397009405841874
Flow IAT Std,Fwd IAT Mean,7,True,True,True,True,True,True,True,0.9222286135635428,0.9122270206174592,0.9685170855461096,0.9598298628024832,0.9811218673312208,0.9926235347163443,1.437493615213833,1.3855120830071863,1.6513431594401773,0.5381654969780113,0.5312688829657221,0.5312688829657221,0.5451516386971916,3.7760331756146313,3.6798732404885786,2.006088927250293,1.3955463217496655,5840220.9139046,210,0.0,0.9243607943704528,0.9621694031756018,1.3148657964952846
Fwd IAT Mean,Bwd IAT Mean,7,True,True,True,True,True,True,True,0.9483157759201748,0.915199571806243,0.9666588227063018,0.95080738664112,0.9770231174806012,0.9930586594021458,1.4220264512941654,1.296050778495391,1.5694946500969194,0.544605963693686,0.5340950877597247,0.5340950877597247,0.5553236913951154,3.6798732404885786,3.539201103388576,1.9654022213234097,1.382113686798671,5721771.852327966,182,0.0,0.957117633159588,0.9644550620546358,1.3624031324152237
Total Length of Fwd Packet,Fwd Packet Length Mean,6,False,True,True,True,True,True,True,0.2163930158827972,0.7033001397100999,0.973880083791083,0.9407936588666987,0.9932815614420184,0.9996499836702164,1.4387446333150735,1.1113265958082634,2.0331136320346435,0.5236276893677976,0.5235379026860983,0.5235379026860983,0.5237174914479008,4.085350413473319,4.083949499747377,2.138835787207606,1.4865986205484027,6226679.847627199,289,0.0,0.1958025735666324,0.9752602876952288,1.4134269188041495
Fwd Packet Length Max,Fwd Packet Length Min,6,False,True,True,True,True,True,True,0.1597842142119499,0.0587402937167529,0.9733334320335744,0.9274501377269256,0.9891067877087152,0.9947273761410976,1.9421053705555071,1.3770561046433198,2.4511785631072067,0.6555133062801622,0.5217329292794386,0.5217329292794386,0.8235970370967424,4.071229785005712,2.579045996800042,2.124094641500729,1.093707207499852,6183764.727423519,170,0.0,0.1944611103453337,0.9873948630225738,2.11234222125866
Fwd Packet Length Max,Packet Length Min,6,False,True,True,True,True,True,True,0.2446298705788281,0.0580136859464978,0.9732387938409834,0.9269744843710888,0.9889386764612836,0.9945915614432116,1.9434614217570367,1.3752041909740818,2.4459382461931787,0.6553554983681571,0.5211137317663159,0.5211137317663159,0.8241786831938119,4.071229785005712,2.5741672156832505,2.1215737461425026,1.0916469565032263,6176425.777692582,170,0.0,0.3058000374514014,0.9872726026428064,2.108481229123756
Flow Bytes/s,Flow Packets/s,6,False,True,True,True,True,True,True,0.3139022309083327,0.3854168057886564,0.964316194855128,0.947912085018102,0.9771024068917382,0.9922430874994108,1.2674301149322087,1.1664398386579813,1.4316187259755826,0.4558160520199107,0.4436334112709496,0.4683332409157149,0.4436334112709496,4.093836622396378,4.32176595458307,1.9172797731463391,1.5127301699383158,5581675.506421087,323,0.0,0.3356262439999528,0.9675853355529764,1.2843672754958535
Flow IAT Std,Bwd IAT Max,6,False,True,True,True,True,True,True,0.8857999054051524,0.8982081313199377,0.9622626288794056,0.941226157268308,0.9723384089594868,0.9873610998283768,1.3601907065170438,1.2034999364410446,1.4757968517173814,0.5135810022937531,0.4972604775822333,0.4972604775822333,0.5304371809308662,3.7760331756146313,3.539857551043754,1.8776720602724888,1.3804476469924776,5466367.660425021,195,0.0,0.8893666768419299,0.9600388419968934,1.299433140348358
Flow Bytes/s,Flow IAT Mean,6,False,True,True,True,True,True,True,0.0257434378211631,0.4155017174081285,0.9619443167817848,0.9444706334382356,0.9748969840775404,0.9808893268578174,1.2377183081300958,1.134944034376255,1.3898041211129188,0.4449805295000164,0.4330811710578188,0.4572068352694091,0.4330811710578188,4.093836622396378,4.321892087028573,1.8717300862358548,1.512242384992756,5449069.104729291,323,0.0,0.0293976076721665,0.9668771132933288,1.2687275509471825
Flow Bytes/s,Bwd Packets/s,6,False,True,True,True,True,True,True,0.0156721129687308,0.4354416413513955,0.9615714796530228,0.9425937827614358,0.9757719954692736,0.9930395673762584,1.2328206947419156,1.118094851410452,1.4057423572720764,0.4433418234794362,0.4314869199196603,0.4555224350315603,0.4314869199196603,4.093836622396378,4.321879391390578,1.8648344268553765,1.5126566538094737,5428994.1351793455,323,0.0,0.0304519697217813,0.9645441002704354,1.2375090637407142
Flow Packets/s,Fwd IAT Mean,6,False,True,True,True,True,True,True,0.0374536762339156,0.6919650124768564,0.961293590933693,0.9350196785621768,0.979198105848956,0.9744153429629744,1.290856603805491,1.1024877416648364,1.5531592087449744,0.4663424730083026,0.4303192545302017,0.4303192545302017,0.5053812950315847,4.32176595458307,3.6798732404885786,1.859739103830192,1.440701545274367,5414160.389929792,266,0.0,0.0363075064040182,0.9490783404921486,1.1368286439348003
Flow IAT Std,Bwd IAT Mean,6,False,True,True,True,True,True,True,0.9492676443439289,0.8985283906285844,0.9602127939771964,0.943790978652148,0.9745427547969222,0.988599316131578,1.3331121765330565,1.2275365276388306,1.5173376269040306,0.5033976469562785,0.4873555328472735,0.4873555328472735,0.5199678138065397,3.7760331756146313,3.539201103388576,1.840270660350651,1.38043196420014,5357482.936988445,195,0.0,0.9591266813680646,0.9601355014582936,1.300611161683627
Flow IAT Mean,Fwd IAT Mean,6,False,True,True,True,True,True,True,0.91661171270035,0.6533083928507372,0.9591359957142154,0.9339025140406728,0.9790965942945352,0.99670519610329,1.264644682042016,1.0938337547398744,1.5510865342827858,0.4567230228225537,0.4214367211761861,0.4214367211761861,0.4949637966857785,4.321892087028573,3.6798732404885786,1.821404030434626,1.4402496260796458,5302557.512141254,266,0.0,0.9146049193511664,0.9543451550459604,1.1890201446917703
Fwd IAT Mean,Bwd IAT Max,6,False,True,True,True,True,True,True,0.7251026971990472,0.9116683157647464,0.9559661233846736,0.9444183736396942,0.9664666057268728,0.9840490655622024,1.2796697716432532,1.2303166869712625,1.3803175037677342,0.4900496221516994,0.480636249467154,0.480636249467154,0.4996473579287007,3.6798732404885786,3.539857551043754,1.7686804728229728,1.382138198475822,5149066.198951521,182,0.0,0.7233594621044759,0.9511417872567696,1.2030797502309212
Total Length of Fwd Packet,Packet Length Min,6,False,True,True,True,True,True,True,0.0323798893706252,0.1718282115520683,0.9517379550935828,0.8916430195822022,0.9792571438279308,0.9939164364761556,1.5602990980069664,1.1129875830057223,2.045595147484768,0.5254882789817272,0.4171255135305771,0.4171255135305771,0.6620020171145332,4.085350413473319,2.5741672156832505,1.7041038891724136,1.092164887712321,4961067.796058462,170,0.0,0.0391384382279572,0.9712623416733636,1.6459434619815996
Total Length of Fwd Packet,Fwd Packet Length Min,6,False,True,True,True,True,True,True,0.0221245011788408,0.1725661538964772,0.9515255289556148,0.8915670537635169,0.9793455580776076,0.9940859133030108,1.554541234049037,1.1104600914670737,2.0445446574593733,0.5240392020668968,0.4163692650843236,0.4163692650843236,0.6595517689022845,4.085350413473319,2.579045996800042,1.701014349269823,1.0942227275884313,4952073.381449842,170,0.0,0.0261137510541114,0.9713590770836616,1.6465786040026769
Fwd Packet Length Min,Fwd Packet Length Mean,6,False,True,True,True,True,True,True,0.1956906286750207,0.2827019745461665,0.9513293667015846,0.8981985759229274,0.9819961239453926,0.9943197027433932,1.5534587636448836,1.1535033211882042,2.1330912427958864,0.5232537822246249,0.4158165191161571,0.6584503212963783,0.4158165191161571,2.579045996800042,4.083949499747377,1.6981736652311257,1.0931565774212746,4943803.447795736,170,0.0,0.1655367555241497,0.9726715135128622,1.6742609346149575
Flow Duration,Flow Bytes/s,6,False,True,True,True,True,True,True,0.0457114896326793,0.3097877914403008,0.951321575159336,0.9314220186639476,0.9685969770914752,0.9820688512884204,1.1228925309134616,1.0305947278859515,1.287859143756292,0.4036961674448044,0.3929040020908399,0.3929040020908399,0.4147847686518209,4.321821786703103,4.093836622396378,1.6980610763190334,1.5122204748638572,4943475.673632714,323,0.0,0.053886707127264,0.9449448876494104,1.0377620207967997
Fwd Packet Length Mean,Packet Length Min,6,False,True,True,True,True,True,True,0.0754801337339287,0.2829044130739688,0.9512970791017724,0.8982308230904353,0.981951938799684,0.9942443335508436,1.5542497290041533,1.1551817148010357,2.133956782396247,0.5236055460034535,0.4157023061335586,0.4157023061335586,0.659517072097961,4.083949499747377,2.5741672156832505,1.6977072251779777,1.092300158395872,4942445.525464141,170,0.0,0.0178560358241059,0.9726025830407125,1.673096211978881
Flow Bytes/s,Flow IAT Max,6,False,True,True,True,True,True,True,0.0389300404600626,0.3293951986130197,0.9505919748867078,0.928274833453904,0.967757441218342,0.971215743256275,1.1159266526208227,1.0086870633686271,1.2757095694901208,0.4012176740879187,0.3905001993042134,0.4122292953687168,0.3905001993042134,4.093836622396378,4.321635146952657,1.6875993862051062,1.5122852225472658,4913019.106843378,323,0.0,0.0440454601717816,0.946212944602027,1.048440342909866
Fwd IAT Mean,Fwd IAT Std,5,False,False,True,True,True,True,True,0.2042620663213442,0.8497097662011783,0.9495263968282498,0.9288362490727196,0.9689826718975512,0.9896435465739064,1.6111754383499546,1.483286450702137,1.8781109590839775,0.5631956080275984,0.454526990697227,0.454526990697227,0.6978447911641507,3.6798732404885786,2.3968104818211486,1.6726017101465267,1.038125129228311,4869357.163353495,126,0.0,0.1839034572847028,0.9359603369731064,1.569973958366812
Flow IAT Std,Fwd IAT Std,5,False,False,True,True,True,True,True,0.4810798909036082,0.8055979463968341,0.9423513151935748,0.8964696368324672,0.9693621083911031,0.9893054601338443,1.5207883011304413,1.216891378700204,1.883792397495689,0.5249917527995883,0.4182649068471343,0.4182649068471343,0.6589516261002387,3.7760331756146313,2.3968104818211486,1.5793821644501425,1.0385286126123845,4597972.015384537,135,0.0,0.4487550986343382,0.9158122538004356,1.3717839325317622
Bwd Packet Length Min,Packet Length Std,5,False,False,True,True,True,True,True,0.3386551956589546,0.1794061667304618,0.939938449112748,0.9128083397571388,0.9555706760105934,0.9825871867578916,1.4335486590874449,1.2765944079221845,1.5746536875157342,0.4877687519350437,0.382816535133741,0.6214944589087588,0.382816535133741,2.4951176460853897,4.050770144570117,1.5507017913675352,1.0817224665081593,4514476.357529919,153,0.0,0.3482081113706077,0.9576451761126438,1.4366644048034485
Total Fwd Packet,Fwd IAT Mean,5,False,False,True,True,True,True,True,0.0013028103916202,0.8675620838190559,0.939134401131002,0.9281117986589208,0.9557212579206472,0.9752249704360708,1.1936012571274817,1.1660894490426277,1.328624407985094,0.4775586831203741,0.4188753441578403,0.544463404219198,0.4188753441578403,2.831059274364596,3.6798732404885786,1.5414081700668802,1.2913928842337432,4487420.327885017,126,0.0,0.0016465044666961,0.9395683052471164,1.2474172664806968
Bwd IAT Std,Bwd IAT Max,5,False,False,True,True,True,True,True,0.6913888024568593,0.8175981067983578,0.9378755978897404,0.9130441661850998,0.9595521285895288,0.9846541754680356,1.5888509015129717,1.4523331356972788,1.8342574400142104,0.5531832038893363,0.431404388992311,0.7093383027003118,0.431404388992311,2.15286567511502,3.539857551043754,1.5271100839278493,0.9611412137373432,4445795.063638912,104,0.0,0.6789814810022892,0.9059412643000978,1.437243706987917
Bwd IAT Mean,Bwd IAT Std,5,False,False,True,True,True,True,True,0.2657850609713355,0.801238808449972,0.9357817030405798,0.9119786758246964,0.959707373399978,0.9851429845853376,1.564591666342049,1.4429044483279676,1.8365550537896984,0.5448542291346699,0.4249483747949653,0.4249483747949653,0.6985934024319335,3.539201103388576,2.15286567511502,1.5039777569575234,0.9612589593256378,4378451.139885466,104,0.0,0.2139495062828106,0.910269089247168,1.475259568779638
Flow IAT Max,Fwd IAT Std,5,False,False,True,True,True,True,True,0.6944150469032621,0.7769171799112923,0.9251725722300402,0.874780407757682,0.9518364509985752,0.9814957723859632,1.3446693193958077,1.0866045070784591,1.5860306638889723,0.4342678946732645,0.3234078233708164,0.3234078233708164,0.5831293825187264,4.321635146952657,2.3968104818211486,1.3976506162787774,1.0394009858920374,4068906.54180085,171,0.0,0.6740693256887761,0.8910273847117289,1.1875734713905732
Fwd IAT Mean,Bwd Packets/s,4,False,False,True,True,False,True,True,0.0405927293444025,0.6774279268999068,0.9460928697133753,0.916334692092156,0.9699731376295208,0.9698129419828232,1.128906153869562,0.9736393182379844,1.3765272566618758,0.4078256627297739,0.3763177110940319,0.4419716805181669,0.3763177110940319,3.6798732404885786,4.321879391390578,1.6263997601925697,1.44068641544538,4734851.862656719,266,0.0,0.037499580886269,0.93932900736944,1.0531045674576274
Flow IAT Max,Bwd IAT Max,4,False,False,True,True,False,True,True,0.9596340877080266,0.7431300036942293,0.945900148136114,0.8935423301746083,0.971858551500907,0.9966902679100644,1.1471276667699006,0.8708930076736777,1.4308610164586475,0.4151848703014815,0.375759840206023,0.375759840206023,0.458746406834604,4.321635146952657,3.539857551043754,1.6238969322476633,1.41562005632752,4727565.511633496,247,0.0,0.9733178136382266,0.9509158838443076,1.1726730909965362
Flow Bytes/s,Flow IAT Std,4,False,False,True,True,False,True,True,0.0322594618810712,0.2128196166992779,0.9417533625670506,0.9187968675679384,0.9613534009946596,0.9512461676133834,1.1018597361990203,0.9937827622895244,1.265970590183006,0.3998653663176728,0.3840311362946763,0.3840311362946763,0.4163524674667979,4.093836622396378,3.7760331756146313,1.5721607299036404,1.4268247384435448,4576948.633771698,255,0.0,0.0366345210526643,0.944619319857504,1.0991655456602454
Flow Duration,Bwd IAT Max,4,False,False,True,True,False,True,True,0.6496328494468127,0.7817505460107831,0.939508060655031,0.8994393402916367,0.9583751585125933,0.9845879743132908,1.0919104034325513,0.9001715441427869,1.2405432100809353,0.3951864527993518,0.3576527049220646,0.3576527049220646,0.4366591677537165,4.321821786703103,3.539857551043754,1.545711252205475,1.4156026422555792,4499947.664015881,247,0.0,0.6375536597316204,0.9349457900160966,1.0359761241349024
Flow Duration,Fwd IAT Mean,4,False,False,True,True,False,True,True,0.4332499525277943,0.8011983626220813,0.9383057038393148,0.9161631084601998,0.958082178511127,0.9956299961535948,1.06365773441167,0.9723095563449836,1.2174372182674138,0.3841474788650479,0.354471227763554,0.354471227763554,0.4163082190039041,4.321821786703103,3.6798732404885786,1.5319614749079256,1.440276721867945,4459918.6623879485,266,0.0,0.4179349444053306,0.925623172316014,0.9561976060765116
Flow IAT Mean,Bwd IAT Mean,4,False,False,True,True,False,True,True,0.7829338168773078,0.6229142787735993,0.9377521438157234,0.8900386706058591,0.9629165742814136,0.9887413888668406,1.07782412695006,0.8543008638054794,1.2965618244963706,0.3901093833591296,0.3530222328563699,0.3530222328563699,0.4310927664625536,4.321892087028573,3.539201103388576,1.5257239947271035,1.415559326032601,4441759.815236525,247,0.0,0.7793948913868206,0.942591272394228,1.096461204635344
Bwd IAT Mean,Bwd Packets/s,4,False,False,True,True,False,True,True,0.0415432537302775,0.5760004503065342,0.936949904060897,0.8855030104278356,0.9717787286546752,0.9609601092904728,1.0711491411248475,0.8333782575992075,1.4288788261480108,0.3878244845022902,0.3509550715897052,0.4285671955050305,0.3509550715897052,3.539201103388576,4.321879391390578,1.5167854912075516,1.416035762876799,4415737.621262576,247,0.0,0.0391899553273217,0.9416942006149251,1.088694951343833
Fwd Packet Length Max,Packet Length Std,4,False,False,True,True,False,True,True,0.2289409327267852,0.6530888913281331,0.9338204980929946,0.9018439357545583,0.9561215272439004,0.9886563523115388,1.005539091322475,0.8745550315441333,1.1681266968409223,0.3651843518939621,0.3642655937427241,0.3642655937427241,0.3661054273558519,4.071229785005712,4.050770144570117,1.4830089348981683,1.4748396633170469,4317405.713898869,289,0.0,0.629419815558197,0.8979276575505205,0.7765866084862582
Flow IAT Max,Fwd IAT Mean,4,False,False,True,True,False,True,True,0.7566425254008304,0.7658267248868642,0.9332999304557528,0.9076642012078676,0.95776781321386,0.9841650454795446,1.0258679110412694,0.9233460281435016,1.2138905906635196,0.370511820171843,0.3418963367232104,0.3418963367232104,0.4015223158070551,4.321635146952657,3.6798732404885786,1.4775512253973864,1.4402938326608272,4301516.972011353,266,0.0,0.7579802707464678,0.9192388777264108,0.9173235078255728
Bwd Packet Length Min,Packet Length Mean,4,False,False,False,True,True,True,True,0.2672351523402399,0.0693037572283157,0.926638366017022,0.9016421260035226,0.9484339592894618,0.9884080155976588,1.3060809321524358,1.185348825287324,1.4815519055342894,0.4417244777853034,0.3449469961436119,0.5656536118768357,0.3449469961436119,2.4951176460853897,4.091562832390144,1.411372308565829,1.0806162725612047,4108853.781018628,153,0.0,0.144711288395725,0.941667703365212,1.2565003087057265
Fwd IAT Std,Bwd IAT Std,4,False,False,False,True,True,True,True,0.9341405457517712,0.9150148844806184,0.926630073798176,0.8967858565229367,0.9482197450464762,0.9734507270798088,1.543697907929143,1.397166817047852,1.7445405107590728,0.6212868257471116,0.5888216415664304,0.5888216415664304,0.6555420055894361,2.3968104818211486,2.15286567511502,1.4112938824295556,0.9142293159694656,4108625.4631434632,72,0.0,0.9570734759912912,0.9171493313390772,1.621413060327315
Total Fwd Packet,Bwd IAT Mean,4,False,False,False,True,True,True,True,0.0012469960927935,0.8422821662400278,0.9217586418799611,0.9039136687556169,0.935232311594242,0.9505036327753176,1.071150631542866,1.0213005543027638,1.140158660475057,0.4317790863617362,0.3861743852521643,0.4827694081720061,0.3861743852521643,2.831059274364596,3.539201103388576,1.366748810384865,1.2759632213596557,3978943.7437376464,117,0.0,0.0016647879319238,0.9107135675787892,1.0419632030074826
Fwd Packet Length Max,Fwd Packet Length Std,4,False,False,False,True,True,True,True,0.9482783483376086,0.7512539796111505,0.9199215781456646,0.8766944167990357,0.9395214109554956,0.9838928002075392,1.4002668039636816,1.1680384019722887,1.54479771445194,0.4559973790843715,0.3317664939855914,0.3317664939855914,0.626746864138868,4.071229785005712,2.155092764344146,1.350697631981058,0.964600194875498,3932214.794420719,136,0.0,0.948678698794336,0.8940729771405251,1.338841813486351
Fwd IAT Std,Bwd IAT Max,4,False,False,False,True,True,True,True,0.6667883227817482,0.8106755091534799,0.9196701310633608,0.8889883066218106,0.9410128304357352,0.9675461209847886,1.3001975132377348,1.1782481730226328,1.4567091012817155,0.4629681044287873,0.3809561830235162,0.5626354821629275,0.3809561830235162,2.3968104818211486,3.539857551043754,1.3485306210926005,1.0371736658182855,3925906.089886481,117,0.0,0.6725345930862385,0.9065971666796704,1.2995378228755023
Flow Duration,Fwd IAT Std,4,False,False,False,True,True,True,True,0.6045019046249349,0.8173186460642173,0.9111061912707632,0.8733994907449519,0.9357488582707466,0.9702223245250684,1.2302100587641034,1.0789325811546289,1.398258112493301,0.3972944499232814,0.2958665847167834,0.2958665847167834,0.5334934328286411,4.321821786703103,2.3968104818211486,1.278682651786434,1.0394018831800378,3722561.379891607,171,0.0,0.6079239188203657,0.8852505793151396,1.151037440173955
Fwd IAT Std,Bwd IAT Mean,4,False,False,False,True,True,True,True,0.2541039520889585,0.8052624635718741,0.9099052555304532,0.8791283638357152,0.9354247793498002,0.9630975721588918,1.2239808448536218,1.118051334059292,1.3977878761328213,0.4358612028314614,0.3586843601096567,0.5296439133159007,0.3586843601096567,2.3968104818211486,3.539201103388576,1.2694560830683226,1.0371535538369796,3695700.556894616,117,0.0,0.2239318805830353,0.8978544346415898,1.235643012704848
Flow IAT Mean,Fwd IAT Std,4,False,False,False,True,True,True,True,0.2520740011949774,0.6829327424987827,0.9071815092441672,0.8606674629595197,0.9407966124162562,0.9728696609997596,1.2016537802254272,1.0121944346845275,1.451401339395468,0.3880689930494609,0.2889940038601305,0.2889940038601305,0.5211095778973667,4.321892087028573,2.3968104818211486,1.2490008984818028,1.0394016305158158,3636150.456598855,171,0.0,0.2191332129698449,0.8738204243850608,1.0842233235222083
Fwd IAT Mean,Bwd IAT Std,4,False,False,False,True,True,True,True,0.1891203879709083,0.7787755949447078,0.9047592732489188,0.8826974733501709,0.9335493251899972,0.9600963741714236,1.279734415024707,1.209723225790553,1.4837261174681515,0.4374728754876894,0.3346132761219377,0.3346132761219377,0.5719513553243625,3.6798732404885786,2.15286567511502,1.2313344407133344,0.9621796727952822,3584719.029640408,112,0.0,0.1711134763236361,0.8997161522728573,1.3858744534875331
Total Length of Fwd Packet,Fwd Packet Length Std,4,False,False,False,True,True,True,True,0.1834225731065858,0.7490690682371883,0.9027777550044044,0.8603135650685214,0.9225502404295872,0.9830321220416074,1.2612666872974152,1.0767652289003995,1.3724674085594866,0.410228174148302,0.2979502895476448,0.2979502895476448,0.5648162152167973,4.085350413473319,2.155092764344146,1.2172313385979656,0.9650864094462,3543661.4121009875,136,0.0,0.165528310560687,0.8679413047134265,1.1668096527991143
Flow IAT Std,Bwd IAT Std,4,False,False,False,True,True,True,True,0.4523093106134923,0.7401203064079133,0.8934243194324264,0.8478881086342965,0.9369080908767362,0.97173849046395,1.1998980844010334,1.017731938834437,1.5189581001109045,0.4049275849959071,0.3057510304995297,0.3057510304995297,0.5362740685541854,3.7760331756146313,2.15286567511502,1.154526034644585,0.9621867470693584,3361110.767118744,120,0.0,0.4318648882613272,0.8880309469183405,1.299938015610018
Bwd Packet Length Min,Packet Length Min,4,False,False,False,True,True,True,True,0.7491183201548678,0.8803177908844694,0.8761789190086017,0.8608922148319257,0.911228255996408,0.9695631131859638,1.0423054930888862,1.025993205733012,1.2252305367834104,0.4154688214730393,0.4090398066633381,0.4219988832487083,0.4090398066633381,2.4951176460853897,2.5741672156832505,1.0529368602221802,1.0101998571472437,3065359.5603657817,90,0.0,0.7048706103353358,0.8830288041469575,0.9154011008786754
Fwd Packet Length Min,Bwd Packet Length Min,4,False,False,False,True,True,True,True,0.587505164701467,0.878907639282296,0.8744881048462534,0.8587645141922424,0.9100820699862764,0.9698561174605592,1.033112526198134,1.0143466316757404,1.2158385942237433,0.4114752887358431,0.4047247174989447,0.4047247174989447,0.4183384555471015,2.579045996800042,2.4951176460853897,1.043803662471681,1.0103484722161784,3038770.5633434,90,0.0,0.5358652678225444,0.8817123623196634,0.908994368301138
Active Mean,Active Max,4,False,False,False,True,True,True,True,0.8349580057530673,0.9977925252150058,0.8508744059813894,0.8268254344728823,0.8813072968665611,0.9724526156642028,1.6986571532631192,1.6918780182217052,1.854438124178492,0.7758250594160889,0.7758250594122186,0.7758250594122186,0.7758250594199592,1.1969149394592289,1.1969149394472869,0.928596604017328,0.5466651126352924,2703374.328871988,16,0.0,0.820515552712791,0.8674280337015078,1.7204934174416595
Flow IAT Max,Idle Min,4,False,False,False,True,True,True,True,0.9544040317723628,0.7247029806005523,0.8447126998877684,0.8029522044434632,0.8848491070839641,0.9756946731449014,1.4121326223390878,1.2864690701941448,1.6348527632624097,0.3944562739758253,0.2086701031312908,0.2086701031312908,0.7456542635673772,4.321635146952657,1.20940239447707,0.9017960518104222,0.6386057779167138,2625351.294410846,76,0.0,0.9673444763939528,0.8570361199606149,1.4251047405257913
Active Mean,Active Min,4,False,False,False,True,True,True,True,0.9070548901081334,0.994172442907452,0.8418952646237537,0.8204831986845027,0.8705450164745887,0.9688440248006526,1.6279224451883862,1.644113816571932,1.754174848314757,0.7435183695972768,0.743518369534222,0.743518369534222,0.7435183696603316,1.1969149394592289,1.1969149392562175,0.8899282442578778,0.5466650127518167,2590801.172066286,16,0.0,0.9110756476909788,0.851510646714527,1.5913204499653664
Active Max,Active Min,4,False,False,False,True,True,True,True,0.5908155950745624,0.988516171950238,0.8253112478430975,0.8092920287513404,0.856771472672737,0.9645950657297804,1.5082326185822752,1.5642765019672942,1.6382550835873035,0.6888538322805658,0.6888538322255833,0.6888538322255833,0.6888538323355482,1.1969149394472869,1.1969149392562175,0.8244994428863155,0.5466659669921059,2400321.752659057,16,0.0,0.5772846005896871,0.8330984879791185,1.4595815814268989
Flow Packets/s,Bwd IAT Mean,3,False,False,True,False,False,True,True,0.0383307088374371,0.6628066755881409,0.9379129392098488,0.8933794257303156,0.9634159901458929,0.9450506733102912,1.0787547506016273,0.8700391918372932,1.302901959549153,0.3905768305181529,0.3534503981531158,0.3534503981531158,0.4316030236059338,4.32176595458307,3.539201103388576,1.5275298973719664,1.4160122090030702,4447017.244382231,247,0.0,0.0379442356246724,0.9395156995355604,1.0711347445233292
FWD Init Win Bytes,Fwd Seg Size Min,3,False,False,False,False,True,True,True,0.7124855664886985,0.9097218437745656,0.9317604663860848,0.9181162496236038,0.9321322872757204,0.9334144125093464,1.594017851130935,1.5315010275946128,1.605846562638726,0.7567354333808813,0.7562227624644983,0.7562227624644983,0.7572484518555258,1.9328512270270348,1.9302331893233744,1.4616660943352793,0.9169697147985176,4255271.427564729,32,0.0,0.7092368008045051,0.9039090850856047,1.6035264296704588
Total Length of Fwd Packet,Packet Length Std,3,False,False,True,True,False,False,True,0.0323350743058544,0.6260868659414607,0.9297956456065232,0.8980386092337224,0.9525012015237556,0.9922541897667776,0.9772161483236704,0.8559166814645327,1.1310241624975492,0.3544531596795687,0.3529498451435143,0.3529498451435143,0.3559628772630402,4.085350413473319,4.050770144570117,1.4419237957924,1.4755423334601003,4197796.714817718,289,0.0,0.1057716838480299,0.8980687093744186,0.7770531895433959
Fwd PSH Flags,PSH Flag Count,3,False,False,False,False,True,True,True,0.4581753285743877,0.9958405759481508,0.927801587994662,0.9176813804144782,0.9363635678977918,0.9440320584187109,1.718900246208875,1.7451911434145642,1.7774925951288123,0.792267795008608,0.7723143865800295,0.8127367169571155,0.7723143865800295,1.7502177825891423,1.8418228111487625,1.422466254581462,0.8275443893377676,4141151.001076084,30,0.0,0.4503710620180638,0.9079367865484174,1.7244951024298898
Fwd Packet Length Max,Packet Length Mean,3,False,False,True,True,False,False,True,0.2636462346756577,0.6451706786929254,0.927090312801185,0.8865408176313246,0.9587577061999832,0.995344306788528,0.951825992633187,0.7903470596844738,1.1855264790417737,0.3468580435011951,0.3459951134609286,0.347723125734442,0.3459951134609286,4.071229785005712,4.091562832390144,1.4156607464253463,1.487310451051016,4121338.484032,289,0.0,0.4632303999007459,0.8917252060703563,0.7421885688877847
Total Fwd Packet,Total Length of Fwd Packet,3,False,False,False,True,False,True,True,0.0290993027746287,0.7552050824419595,0.9248875072676762,0.898491626650048,0.9393191235788502,0.9593687173421652,1.0542654558692246,0.9501782340095932,1.133538031678566,0.4101942908702466,0.3414675480420301,0.4927535785679817,0.3414675480420301,2.831059274364596,4.085350413473319,1.395014588581228,1.3232099949922589,4061232.413361309,153,0.0,0.0263962027482059,0.9161031205183522,1.0365712736210575
Total Fwd Packet,Bwd IAT Max,3,False,False,False,False,True,True,True,0.0051997279355585,0.8587273976771297,0.924138534153232,0.909707650696138,0.9330965492327438,0.9464265787901384,1.087911203637839,1.056845684394732,1.1229735605363178,0.4384956716488579,0.392145196110498,0.4903246449577904,0.392145196110498,2.831059274364596,3.539857551043754,1.3881381335572802,1.275966392216129,4041213.352441896,117,0.0,0.004652781637811,0.908250532797622,1.0267049829212942
Total Length of Fwd Packet,Packet Length Mean,3,False,False,True,True,False,False,True,0.0501644196494707,0.5964902835007129,0.9152417388559811,0.8759772056996977,0.9512647576303496,0.9963877821929654,0.8813647058225238,0.7481106236289693,1.1084129741591977,0.3207783156189532,0.3205346964473355,0.3210221199508717,0.3205346964473355,4.085350413473319,4.091562832390144,1.311487850475375,1.48801947912294,3818065.4250340895,289,0.0,0.0991142864316452,0.8735758151791908,0.6740540009927092
Flow Packets/s,Fwd IAT Std,3,False,False,False,False,True,True,True,0.0580341647793929,0.7089324114153996,0.9077095751566528,0.8585258580117054,0.9411596399324516,0.9176168866862824,1.2048720618980755,1.001450840461128,1.455051328548382,0.3892913672331931,0.2899085332976791,0.2899085332976791,0.522743386951908,4.32176595458307,2.3968104818211486,1.2529168291490218,1.0398754098217364,3647550.699065394,171,0.0,0.0544849942459475,0.8703017468043277,1.0647688737592853
Total Fwd Packet,Fwd Act Data Pkts,3,False,False,False,False,True,True,True,0.0593500171210881,0.8485293164480338,0.9044120227170852,0.8900759574428146,0.9176357299376032,0.9244237508314072,1.1385326160295703,1.1054230200402422,1.2009713263624937,0.4995178340626536,0.4340568559601109,0.4340568559601109,0.5748511125223997,2.831059274364596,2.1376677558739634,1.2288406876674094,1.0793197053526429,3577459.097892075,54,0.0,0.064989584246447,0.9204332113340143,1.2460372625423963
Total Length of Fwd Packet,Fwd Seg Size Min,3,False,False,False,False,True,True,True,0.0299930309061349,0.1222196688551787,0.8939891388974915,0.8771562487119517,0.8979930011614435,0.9130962543444896,1.083509696198052,1.0232322432317995,1.0924520828459356,0.41242312383606,0.2834870601501303,0.2834870601501303,0.6000021058619592,4.085350413473319,1.9302331893233744,1.1581439783986704,1.0688819698268546,3371643.4959977684,136,0.0,0.0461282453474367,0.8457202306559055,1.023323863163306
Fwd Packet Length Max,Fwd Seg Size Min,3,False,False,False,False,True,True,True,0.2520064437213651,0.1135109609641025,0.8933950879348711,0.8738952533407308,0.9020918641254242,0.9127758742788276,1.080344220018677,1.003255684484579,1.1184861220465685,0.4117805246515103,0.2835357886030425,0.2835357886030425,0.5980310327584994,4.071229785005712,1.9302331893233744,1.1543393476757895,1.0684921771098417,3360567.275190395,136,0.0,0.3906792947552904,0.8517484289806063,1.052999942077952
Total Fwd Packet,Fwd IAT Std,3,False,False,False,False,True,True,True,0.001430143009198,0.8684866358717123,0.8917546442019078,0.8796647149894573,0.9099538194596476,0.941320471009102,1.1513477184565897,1.1687697427064878,1.2339246553860606,0.4391524705426179,0.4040710133446478,0.4040710133446478,0.4772797008806754,2.831059274364596,2.3968104818211486,1.1439489898312654,0.9935738539220434,3330318.3742756583,81,0.0,0.0011544393067063,0.8853861234857106,1.2225333422891689
SYN Flag Count,Fwd Seg Size Min,3,False,False,False,False,True,True,True,0.7184763958291075,0.808546899154447,0.8846713875838869,0.8718333223401916,0.8846713875838869,0.8851625997463447,1.432963635241705,1.4376342453849116,1.432963635241705,0.6430997034402798,0.5703623345696084,0.7251131491301198,0.5703623345696084,1.5182903653684277,1.9302331893233744,1.1009323081262208,0.7682904723123146,3205086.1770744454,144,0.0,0.8171708978859351,0.824607003002635,1.3598977341949172
Total Fwd Packet,PSH Flag Count,3,False,False,False,False,True,True,True,0.6953698088942896,0.8632758437550156,0.8813226495716024,0.8491699983554821,0.8936239798249886,0.9036600524139032,1.2022998629166612,1.110885389472873,1.244629541111266,0.4736477299601234,0.3820365396770175,0.3820365396770175,0.5872270026475532,2.831059274364596,1.8418228111487625,1.0815680887987782,0.8995826433640277,3148712.146411419,54,0.0,0.6919223507868242,0.8620368563455485,1.228842459879072
Fwd Packet Length Max,SYN Flag Count,3,False,False,False,False,True,True,True,0.3604827418640002,0.330504135695284,0.8774349730710214,0.840194659723085,0.8875427293249303,0.8963631251850828,1.221044941851545,1.0885844985772584,1.2620442867030353,0.4262725163466099,0.2603166478723894,0.2603166478723894,0.6980278045127046,4.071229785005712,1.5182903653684277,1.0598088903509155,0.8679524020990275,3085365.7393210856,306,0.0,0.4263878818378646,0.8333425418301589,1.2084739310161323
Flow IAT Max,Bwd IAT Std,3,False,False,False,True,False,True,True,0.6597129873925234,0.7235942263565327,0.8766703588994069,0.8237382075987071,0.913934128874378,0.9569806056176364,1.096383989535698,0.9133397186623792,1.30311339320634,0.3460777720844425,0.2442632457063529,0.2442632457063529,0.4903309295861711,4.321635146952657,2.15286567511502,1.0556166277533077,0.96281652945365,3073161.02627644,152,0.0,0.6594842654634478,0.8504828246591603,1.0748848816941623
Total Length of Fwd Packet,Fwd PSH Flags,3,False,False,False,False,True,True,True,0.4160199323322167,0.7126430995185318,0.8757718274206967,0.8467889982562655,0.8951320720159169,0.9230360220470348,1.1470318339099763,1.0633033147175874,1.232884613081919,0.3929421747657415,0.2571935268178245,0.2571935268178245,0.6003399643063247,4.085350413473319,1.7502177825891423,1.0507256811278605,0.9160388143249436,3058922.2712627826,85,0.0,0.2647306086040705,0.8321539928500299,1.0489071316202712
Total Fwd Packet,Fwd PSH Flags,3,False,False,False,False,True,True,True,0.0720443660573618,0.8596081431314527,0.874501056838925,0.8474870173917859,0.8882437645146212,0.8963114963788658,1.171427858530938,1.1056125007858504,1.2192908876800093,0.4689506989373407,0.3687217465963037,0.3687217465963037,0.5964247025402458,2.831059274364596,1.7502177825891423,1.0438731203613778,0.8911117426133915,3038972.772435196,45,0.0,0.1209382869987687,0.853432728677478,1.189313351923587
Total Length of Fwd Packet,SYN Flag Count,3,False,False,False,False,True,True,True,0.0445340997871634,0.3308384926412882,0.8743924349080804,0.8345026202629041,0.8831372884295151,0.8928817223663081,1.2021221254087264,1.0602155472158752,1.232855031723123,0.4189028585601206,0.2553736509301908,0.2553736509301908,0.6871484363036721,4.085350413473319,1.5182903653684277,1.043290850417846,0.8678742603320131,3037277.6406513755,306,0.0,0.0510784896683839,0.8293597038816005,1.1868082297515288
Total Length of Fwd Packet,PSH Flag Count,3,False,False,False,False,True,True,True,0.186774733239221,0.7106669693258076,0.8728224409019898,0.841104719288103,0.8921067063426398,0.9246324804666513,1.1187350785472143,1.0314580486510028,1.2011819324341522,0.3772892761189017,0.2533283114092707,0.2533283114092707,0.5619079726322115,4.085350413473319,1.8418228111487625,1.0349349217603616,0.925093832853015,3012951.4661545027,102,0.0,0.102697162260851,0.8339587250588957,1.0472714693398033
SYN Flag Count,FWD Init Win Bytes,3,False,False,False,False,True,True,True,0.6176819898414646,0.892074644909036,0.8699103109799676,0.8497768301096675,0.8795979666033577,0.880317073036089,1.3008182291651866,1.2475808160280373,1.3541599910218292,0.5952603382492646,0.5275761462468248,0.6716279210373066,0.5275761462468248,1.5182903653684277,1.9328512270270348,1.0197262016233697,0.7839113711358345,2968675.121167379,72,0.0,0.6122368111499836,0.8330171097994096,1.340102392585229
Protocol,Fwd Seg Size Min,3,False,False,False,False,True,True,True,0.8598199648127849,0.9092815677801676,0.8666845724801052,0.8666845724801052,0.8666845724801052,0.8683304080969745,1.6710295909155883,1.6710295909155883,1.6710295909155883,0.7197416887965952,0.5197833606683543,0.9966230891379008,0.5197833606683543,1.0067026390969698,1.9302331893233744,1.003303094020099,0.6004101300626106,2920863.3939836826,16,0.0,0.900745220146694,0.8609925001028584,2.49087852145853
Fwd Packet Length Std,Packet Length Std,3,False,False,False,True,False,True,True,0.2653337752318104,0.7528598901964793,0.8647554962215382,0.8283309475716799,0.889865626165174,0.961548758586672,1.0284059118258582,0.9328520465193476,1.131059471261696,0.336315830461933,0.2453078772203117,0.4610872634869231,0.2453078772203117,2.155092764344146,4.050770144570117,0.9936858252719106,0.966238927494782,2892865.1465905327,136,0.0,0.6275723141158033,0.8276213003299807,0.962886841421408
Packet Length Min,Fwd Seg Size Min,3,False,False,False,False,True,True,True,0.7189004904997672,0.8504413170336015,0.8642028088140346,0.8640246152373254,0.8645389573096147,0.8628142236307134,1.033339301506239,1.0685688852866646,1.0237444875496873,0.444561553232527,0.3849624885373241,0.3849624885373241,0.5133876169686991,2.5741672156832505,1.9302331893233744,0.9909578172606188,0.9589858972906156,2884923.240713666,80,0.0,0.7171595315424023,0.8578160979138859,1.0988208057940234
Protocol,Packet Length Min,3,False,False,False,False,True,True,True,0.834067135775027,0.9329271055829472,0.8640412386300967,0.8638698729977483,0.8643736930120681,0.8661226886164985,1.6521587831505982,1.6601382640880584,1.6521726907270866,0.6150883989479454,0.3846535651947923,0.9835700816363288,0.3846535651947923,1.0067026390969698,2.5741672156832505,0.9901625969201142,0.599314428503001,2882608.1576678995,20,0.0,0.793933004355542,0.8576523196463572,1.6192648489402646
Fwd Packet Length Std,Fwd PSH Flags,3,False,False,False,False,True,True,True,0.1521864917692694,0.9261862464533388,0.8626044416267297,0.8428369890034968,0.8721380576197603,0.9148471352601308,1.1574769320639104,1.1329793363058367,1.17486086217186,0.5062143325073146,0.45619182547596,0.45619182547596,0.5617219251319747,2.155092764344146,1.7502177825891423,0.983135702236189,0.849378225173912,2862151.129698997,40,0.0,0.2724904911978463,0.8314251797478891,1.1318373290436756
Fwd Packet Length Min,Fwd Seg Size Min,3,False,False,False,False,True,True,True,0.5441778612222032,0.8492735765014775,0.8625947067892543,0.8621171475141185,0.8632624860268886,0.8656096496084873,1.02379371031671,1.0572290844445649,1.0159573878145884,0.4406138281018087,0.3811829513707322,0.3811829513707322,0.5093106730413877,2.579045996800042,1.9302331893233744,0.9830883647811122,0.9602406762950266,2862013.3186621107,80,0.0,0.5212840902567591,0.856804712710766,1.093316915971397
Protocol,Fwd Packet Length Min,3,False,False,False,False,True,True,True,0.6315432324555137,0.9317793599664838,0.8620181304960993,0.8615553364597586,0.8626868082960504,0.8649571829100425,1.6326583011170963,1.6383908591605894,1.6353339213940223,0.6083799963662359,0.3800983511195777,0.9737643399093324,0.3800983511195777,1.0067026390969698,2.579045996800042,0.9802911308452436,0.6004263906137062,2853869.87900127,20,0.0,0.5768585856832296,0.8562305219227704,1.6067618778078323
Fwd Packet Length Std,PSH Flag Count,3,False,False,False,False,True,True,True,0.0936456626798553,0.92585122090615,0.8603702705362026,0.8402281287270297,0.8730595556708185,0.9175828801437164,1.1345351475695526,1.116805544172048,1.170492438631,0.4880596360182259,0.4511945353386826,0.4511945353386826,0.5279368202707513,2.155092764344146,1.8418228111487625,0.972366078420014,0.857061220626841,2830798.0917594866,48,0.0,0.0906757351007612,0.8299876090962781,1.1147677788395705
Total Fwd Packet,Bwd IAT Std,3,False,False,False,False,True,True,True,0.001348307939278,0.845538305602061,0.8584122598002567,0.8378352053152595,0.8771826457417178,0.899222734794015,1.0332869759753462,1.0091542041882438,1.094098449197159,0.3901033496225909,0.3401838288854288,0.3401838288854288,0.4473481996053924,2.831059274364596,2.15286567511502,0.963080583754952,0.9320552819761184,2803765.7207602724,72,0.0,0.0009535687885297,0.840739117004278,1.0628726559616548
Protocol,FWD Init Win Bytes,3,False,False,False,False,True,True,True,0.6211115751217824,0.9145070464097876,0.8578734894023892,0.8578736359720567,0.857873342832557,0.856301993873744,1.5610959730490055,1.5644578582087565,1.5563161749742316,0.6886050322362933,0.4969601693411573,0.9541547183746824,0.4969601693411573,1.0067026390969698,1.9328512270270348,0.9605500730946188,0.6153049458058306,2796398.778507322,8,0.0,0.6127306485052453,0.8521425689455702,2.4339774125528195
Packet Length Std,SYN Flag Count,3,False,False,False,False,True,True,True,0.5334276895496693,0.497771020100976,0.8577451471994927,0.8349958079073841,0.8624449760709493,0.8815458945460224,1.10436670658992,1.0657802940386916,1.1089409269021668,0.3870810028452006,0.2369793344253907,0.2369793344253907,0.6322564080405854,4.050770144570117,1.5182903653684277,0.95994881277047,0.8692301271328746,2794648.361029764,306,0.0,0.6129569882852851,0.800154065135297,1.0427226886903451
Packet Length Std,PSH Flag Count,3,False,False,False,False,True,True,True,0.0525336020933041,0.7269270912868339,0.8570758185222738,0.8355458164036397,0.8754144353529258,0.9232969548764448,1.0328202507156543,1.0131187875754115,1.0989946093180154,0.3502988687140292,0.2362075952745039,0.2362075952745039,0.5194976786403696,4.050770144570117,1.8418228111487625,0.9568226748586618,0.9264174227758094,2785547.400566702,102,0.0,0.1768772596935459,0.8027552223318666,0.9110470068484192
Total Fwd Packet,Down/Up Ratio,3,False,False,False,True,False,True,True,0.0123581893777234,0.3488677763503833,0.8568625096308826,0.8078284697650436,0.9107108842630128,0.9612788547331468,1.1543112651030365,0.911066489595716,1.4647399560669845,0.3881104005588238,0.3376226570617583,0.3376226570617583,0.4461480290831823,2.831059274364596,2.142404969208321,0.9558297545103084,0.8280520024423297,2782656.7639127,72,0.0,0.0132751746675041,0.8318813426371281,1.038115280191459
Packet Length Min,FWD Init Win Bytes,3,False,False,False,False,True,True,True,0.5173315784830733,0.8539375172057055,0.8557934217141301,0.8553640823759318,0.856189694562226,0.8561209229696561,1.0000991632942102,1.0693355127058075,1.001020578298837,0.426291799354951,0.3693922796372986,0.3693922796372986,0.4919558643069499,2.5741672156832505,1.9328512270270348,0.9508774959688336,0.9507832131733356,2768239.514750857,40,0.0,0.4855540363826161,0.8495799602449092,1.006361620323725
Fwd PSH Flags,Packet Length Std,3,False,False,False,False,True,True,True,0.0668580810427266,0.7226878850882502,0.8546281314328202,0.8362482474048071,0.8702594000067619,0.9107563604685756,1.0311075593228576,1.020708597143816,1.0804925217264945,0.3551061373496663,0.2334185807762092,0.540232779944366,0.2334185807762092,1.7502177825891423,4.050770144570117,0.9455250181961964,0.9169994048119826,2752657.1284446763,85,0.0,0.3955115069490122,0.7979550660902492,0.9002833576808669
Protocol,Bwd Packet Length Min,3,False,False,False,False,True,True,True,0.75052209682934,0.9230727344664296,0.8529676723888903,0.8526959543402325,0.8533299871286882,0.8565824016664307,1.5745886263605764,1.5793437333849842,1.5743973377525429,0.5918297118585119,0.3759255589763119,0.9317334229477068,0.3759255589763119,1.0067026390969698,2.4951176460853897,0.9379784958163097,0.5956974921026231,2730687.335764212,18,0.0,0.701816393713534,0.8439250247242276,1.5256364131414006
Fwd PSH Flags,Fwd Act Data Pkts,3,False,False,False,False,True,True,True,0.7704052050618864,0.7210489915513266,0.8510949205546504,0.8057404595193207,0.8761310472841616,0.8974824527221414,1.1706759523287522,1.0162399068476853,1.2879696458425258,0.4805844852128528,0.4348562226625249,0.531121403789921,0.4348562226625249,1.7502177825891423,2.1376677558739634,0.929578125626828,0.7940524649692142,2706231.780978614,30,0.0,0.5294779952406032,0.8494770156507249,1.2188486302383077
Bwd IAT Std,Fwd PSH Flags,3,False,False,False,False,True,True,True,0.1052527232144416,0.903366295498701,0.8478670597896524,0.8361123546726136,0.8655535551906183,0.8867770127531248,1.078951057182344,1.0994672648797386,1.1380639198499651,0.4715642490420756,0.4251855059511748,0.4251855059511748,0.5230019317736396,2.15286567511502,1.7502177825891423,0.9153672813186974,0.8483862870565771,2664860.4992745942,40,0.0,0.1959334310013196,0.8193821799308108,1.073763021913237
Bwd IAT Std,PSH Flag Count,3,False,False,False,False,True,True,True,0.0651685042898576,0.9082593251335932,0.8437557446243065,0.8357832059060977,0.8635321001307484,0.8908841545906506,1.0486776908160067,1.0954260082991285,1.1172213084648843,0.4508349304636045,0.4169970806779143,0.4169970806779143,0.4874186030168246,2.15286567511502,1.8418228111487625,0.8977387016146506,0.8560673212339379,2613539.3447278086,48,0.0,0.0670531345443494,0.8165397640266062,1.0511673926637524
Bwd Init Win Bytes,Fwd Seg Size Min,3,False,False,False,False,True,True,True,0.0822778716608049,0.571323091728942,0.8398481018099148,0.8339430207662221,0.8447597100860049,0.8637811650703778,1.028415781763792,1.0420428532699222,1.037706000108359,0.4431567094626628,0.4300575959129771,0.4300575959129771,0.4566548085840909,2.0496098103368645,1.9302331893233744,0.881450267593125,0.8570952364046643,2566119.685641379,56,0.0,0.1506463447025678,0.8238316471145104,1.1217738181668186
PSH Flag Count,Bwd Init Win Bytes,3,False,False,False,False,True,True,True,0.038356091347958,0.8368484283527514,0.8397283553267981,0.829610188454377,0.8583708340863743,0.9018304718649216,1.038213187433772,1.0754333241897758,1.0997271298862883,0.453414825124338,0.4298174508504158,0.4783077169988645,0.4298174508504158,1.8418228111487625,2.0496098103368645,0.8809580639169954,0.8485329165337654,2564686.7590327,42,0.0,0.0359719664697266,0.775175464540448,0.883465895257175
Fwd PSH Flags,Bwd Init Win Bytes,3,False,False,False,False,True,True,True,0.051637897808395,0.83298145902816,0.8356722361217878,0.8276874315351307,0.8553919992372426,0.8952209579786009,1.027951380785904,1.068102809631774,1.0929880549891728,0.4564510884679614,0.4217981761357276,0.4939509176458457,0.4217981761357276,1.7502177825891423,2.0496098103368645,0.8645216797899841,0.8410141724105936,2516836.380605501,35,0.0,0.0895865235187439,0.7717249297930507,0.877758913348025
Protocol,Total Length of Fwd Packet,3,False,False,False,False,True,True,True,0.0428713409522516,0.1985232637718349,0.8296176268417197,0.8017551785777811,0.8346189535595009,0.8512853403552572,1.245382051719938,1.109024051923985,1.2708588083927128,0.4146006539877114,0.2058097427107361,0.8352068275437922,0.2058097427107361,1.0067026390969698,4.085350413473319,0.8408049174801433,0.6751381363806774,2447791.021065089,34,0.0,0.053411589397105,0.8098714758818176,1.1747525453331085
Fwd Packet Length Min,SYN Flag Count,3,False,False,False,False,True,True,True,0.537269474746813,0.8454487721352734,0.8288279936993589,0.8288432804399425,0.8288069494652331,0.8291770776295225,1.0666556433166885,1.1527506552780948,1.0493450869555283,0.4233733573688397,0.3248414189170882,0.3248414189170882,0.5517923186252099,2.579045996800042,1.5182903653684277,0.8377809610529618,0.785427767904497,2438987.536170245,180,0.0,0.5060723925389569,0.8090584333052615,1.0857942007174497
Protocol,Fwd Packet Length Max,3,False,False,False,False,True,True,True,0.3170748467729367,0.1880654483086697,0.8282366437604696,0.7965480616263853,0.8398722115257127,0.8507717660950305,1.2378240729793382,1.0839118414479263,1.3023165109803914,0.4127117313725699,0.2052270534966161,0.8299635467667655,0.2052270534966161,1.0067026390969698,4.071229785005712,0.8355264928843842,0.6749961574695686,2432424.221867969,34,0.0,0.4127927059952716,0.817152918533511,1.2133354050328815
Packet Length Min,SYN Flag Count,3,False,False,False,False,True,True,True,0.7074216095312986,0.8434935366135095,0.8272711668700666,0.8272866085166746,0.8272499093815635,0.8269149041238035,1.060600710594912,1.1462445063495472,1.0432870283963906,0.4207815068381375,0.3231585755510319,0.3231585755510319,0.5478953365079844,2.5741672156832505,1.5182903653684277,0.8318642106503653,0.7843330693072572,2421762.4127102587,180,0.0,0.695401137036809,0.8082010673403276,1.0817773578715035
Protocol,SYN Flag Count,3,False,False,False,False,True,True,True,0.8431378565718635,0.8989336685889674,0.8271042019051775,0.8271071118168064,0.8271042019051775,0.8263850848729366,1.4326800630878875,1.4178795239049806,1.4326800630878875,0.6723491375137911,0.5474797214236742,0.8256988250450861,0.5474797214236742,1.0067026390969698,1.5182903653684277,0.8312331862721553,0.5801945651987225,2419925.3447115547,36,0.0,0.8691577976344301,0.8080225197489949,2.227985936433869
Bwd Packet Length Min,SYN Flag Count,3,False,False,False,False,True,True,True,0.639278952804569,0.8373047210407482,0.8224384939771785,0.8224527326250236,0.8224131984928346,0.8214753012671433,1.0496165542933804,1.126028370057145,1.025383472458026,0.4181497807126463,0.3261848437658628,0.3261848437658628,0.5360434197106407,2.4951176460853897,1.5182903653684277,0.8138695595658102,0.7753970306934811,2369375.5338561474,162,0.0,0.6182053069057128,0.8025112262010438,1.0555869073342712
FIN Flag Count,Bwd Init Win Bytes,3,False,False,False,False,True,True,True,0.1755685784627018,0.816437293317939,0.8191890329415139,0.8055087339429912,0.8310417894906403,0.8458602238852122,1.098403989946302,1.1056281654264497,1.1320886712047489,0.478882074343695,0.3913306908336614,0.5860210980109355,0.3913306908336614,1.3686797723511446,2.0496098103368645,0.802075223018575,0.7302187813955285,2335039.3037752574,21,0.0,0.1960991590431098,0.7578012045079788,0.9989540682847472
Flow IAT Std,Idle Min,3,False,False,False,False,True,True,True,0.8788531859342845,0.7141198880284348,0.8164160292927347,0.7826436141711716,0.832917158792143,0.9081028983066064,1.2414784833400785,1.173750066429278,1.2664393101956026,0.3707060683140432,0.2097960015084044,0.2097960015084044,0.6550314977254268,3.7760331756146313,1.20940239447707,0.7921966618070325,0.638107444017639,2306280.3694113577,60,0.0,0.8772237162782636,0.8266081325369479,1.2353725023666882
Flow Duration,Idle Min,3,False,False,False,False,True,True,True,0.6117003793100265,0.7153077539538736,0.8124960203765559,0.778840940102356,0.8456252507372687,0.9172637479732416,1.2190882946895487,1.1597125480095385,1.3436510578063507,0.3405241212304224,0.1801357307490572,0.1801357307490572,0.6437183598032971,4.321821786703103,1.20940239447707,0.7785145257149595,0.6386038887472174,2266448.288058244,76,0.0,0.6057014958539382,0.823347520579025,1.2174065182133211
Active Max,Idle Min,3,False,False,False,False,True,True,True,0.1374909315808688,0.9671015696384176,0.805852879088553,0.8000176292163322,0.8119114820298149,0.8299425058617312,1.3754335245210343,1.4942235002095556,1.3241356592831697,0.6283949996055713,0.6251423950937484,0.6316645273595123,0.6251423950937484,1.1969149394472869,1.20940239447707,0.7560487095155097,0.5496802979110078,2201044.741967292,16,0.0,0.1314980155605198,0.8157383663636216,1.3455256635662278
FIN Flag Count,Fwd Seg Size Min,3,False,False,False,False,True,True,True,0.4812573552767518,0.5566462761776797,0.8049099057442767,0.8047727427487422,0.8051093489717106,0.8047632208224043,1.02094450647282,1.0761533587708203,1.0195312299977943,0.4632324793454437,0.390072233638821,0.5501143414355834,0.390072233638821,1.3686797723511446,1.9302331893233744,0.752930371603154,0.7374841304591503,2191966.4892313457,24,0.0,0.7089149055642727,0.7816211999429115,1.1464479006770365
Active Mean,Idle Min,3,False,False,False,False,True,True,True,0.1575445556228628,0.967816039279214,0.804057681409099,0.8000144166652545,0.810652644270101,0.8299773947900974,1.3646626595354894,1.4942026175053904,1.3167850082852712,0.6234729690633735,0.6202458412353293,0.6267168875787968,0.6202458412353293,1.1969149394592289,1.20940239447707,0.7501268055544519,0.5496792927636664,2183804.615224302,16,0.0,0.1532943899539621,0.8132332497874607,1.33062748850413
Active Min,Idle Min,3,False,False,False,False,True,True,True,0.1432062731779974,0.9683026268267868,0.8035536658130579,0.8000079448588507,0.8118941858044048,0.8341465127219406,1.3616568085663592,1.494166288418416,1.3240367529546155,0.6221002660602336,0.6188802433603315,0.625337042479937,0.6188802433603315,1.1969149392562175,1.20940239447707,0.7484752482145367,0.5496798044160482,2178996.523426344,16,0.0,0.1365111430713033,0.8128847686366858,1.3285722444021977
Fwd PSH Flags,FIN Flag Count,3,False,False,False,False,True,True,True,0.1544787680612581,0.7997772264135797,0.8032890375246601,0.7852470111846752,0.8089818375814853,0.8092910112525105,1.0512595774640452,1.040279905363542,1.0574654460327657,0.4830345042985695,0.4271525791304947,0.4271525791304947,0.5462271416408446,1.7502177825891423,1.3686797723511446,0.7476100398730076,0.7111564602117283,2176477.688003625,15,0.0,0.2908660828856558,0.747396964972981,0.984343526489018
FIN Flag Count,PSH Flag Count,3,False,False,False,False,True,True,True,0.0915782303604269,0.8017063392980569,0.8026207510023952,0.785817237374545,0.8084534296073277,0.8101714948049178,1.0407446980000887,1.0383148263062283,1.049635686720591,0.469496720498065,0.4047245638529122,0.5446350190855908,0.4047245638529122,1.3686797723511446,1.8418228111487625,0.7454309339365276,0.7162476401455221,2170133.7717938446,18,0.0,0.0924778363781957,0.741744890895758,0.9579017725227108
Flow IAT Max,Active Min,3,False,False,False,False,True,True,True,0.1700998519306202,0.7016687803175841,0.7924029452343375,0.7752945232987776,0.8179574808215312,0.8583661043879849,1.1283904641012874,1.1541593618504236,1.1956075493771496,0.3135516500276974,0.1650124395323789,0.1650124395323789,0.5958013681495826,4.321635146952657,1.1969149392562175,0.713123558367529,0.6319829713693124,2076079.0128505016,76,0.0,0.1480182880646136,0.8058596507563697,1.1328674419782456
Flow IAT Max,Active Max,3,False,False,False,False,True,True,True,0.2029849893997126,0.7051460560204013,0.7887782832410277,0.7757934172686829,0.8124650052293437,0.8321436263150921,1.110943950047194,1.1565979204728911,1.1667404512156587,0.308703703409356,0.162461116667139,0.162461116667139,0.586589446469855,4.321635146952657,1.1969149394472869,0.7020976718018841,0.6319829832747712,2043979.9306810573,76,0.0,0.1683672076571891,0.8030596639142664,1.1190610880093013
Flow IAT Std,Active Min,3,False,False,False,False,True,True,True,0.0875416768959952,0.7028854634971058,0.78843923233063,0.7765432571454248,0.8018453526389063,0.8201170056568023,1.110185800267369,1.1554707158877096,1.113579609699331,0.3297740271010966,0.1856650637062215,0.1856650637062215,0.5857370621031411,3.7760331756146313,1.1969149392562175,0.7010774401072967,0.6314955928444178,2041009.783944878,60,0.0,0.0610189674398209,0.8025857662234819,1.1166369411908013
Fwd IAT Std,Down/Up Ratio,3,False,False,False,False,True,True,True,0.0621421509975701,0.4244073438849401,0.7880061697731157,0.7684726802358562,0.825241776966173,0.8878612596992689,1.3015192804692717,1.1604460596516,1.424911389619978,0.308810504408932,0.2919617785581425,0.2919617785581425,0.3266315478151119,2.3968104818211486,2.142404969208321,0.6997770511393011,0.5376616863385932,2037224.0301111687,72,0.0,0.024788162746283,0.780221935177525,1.3104507028877623
Flow IAT Max,Active Mean,3,False,False,False,False,True,True,True,0.2161740135685908,0.7039232257698737,0.7860952151978485,0.7746465291545511,0.8111021768484385,0.8327653406255932,1.0982497836213776,1.1510013985130805,1.1597245322578331,0.3051763101606965,0.160604759780179,0.160604759780179,0.5798868004333678,4.321635146952657,1.1969149394592289,0.6940751746339102,0.6319829832747712,2020624.457697932,76,0.0,0.1824654597213023,0.8004024904323266,1.1061696976042463
Flow Duration,Active Min,3,False,False,False,False,True,True,True,0.1129015406014516,0.6961669413612435,0.7838521142560417,0.7607236289815629,0.8055347861008454,0.8367104296371597,1.08777978572212,1.0856079095760989,1.1316475981232588,0.3022597112349385,0.1590664100655065,0.1590664100655065,0.5743571694250491,4.321821786703103,1.1969149392562175,0.6874566765537558,0.6319814778479169,2001356.373227052,76,0.0,0.0943942696726325,0.799297830904492,1.100877755941764
Fwd IAT Mean,Idle Min,3,False,False,False,False,True,True,True,0.7746947073611232,0.712779516550763,0.7820181510418697,0.7671934135767975,0.8062132692703056,0.8849606636309882,1.068073242588143,1.0981789441897656,1.1231050664307165,0.3233320621421342,0.1853607400542311,0.1853607400542311,0.5640008902559331,3.6798732404885786,1.20940239447707,0.6821040271627247,0.6386303859741472,1985773.4872972907,56,0.0,0.7717902025234423,0.7969715451150169,1.081284011718798
Flow IAT Std,Active Mean,3,False,False,False,False,True,True,True,0.1073680833512898,0.7040236556050222,0.7819768070834735,0.7730499575450903,0.7978358333629615,0.8168964140842311,1.0799505272839462,1.1385316670224552,1.0943286438260116,0.3207928027696585,0.1806085721527067,0.1806085721527067,0.5697848174216397,3.7760331756146313,1.1969149394592289,0.6819839602490095,0.6314955574531599,1985423.942822456,60,0.0,0.0735601426116673,0.7985935961234091,1.0973899394372624
Flow Duration,Active Max,3,False,False,False,False,True,True,True,0.3591744387123496,0.7059726496331812,0.7818796018861279,0.7611670438277759,0.7960386329836581,0.8326318051996249,1.0786736346293144,1.087621185827124,1.0858004306151834,0.2997294045067697,0.157734817435564,0.157734817435564,0.5695490531929149,4.321821786703103,1.1969149394472869,0.6817017705146573,0.6319814897013996,1984602.418728551,76,0.0,0.3434857042171434,0.7999500318308272,1.1039977031759327
Flow Packets/s,Idle Min,3,False,False,False,False,True,True,True,0.0546259244388254,0.7096322755955181,0.7810705291628984,0.7637942361604626,0.8037144722144189,0.7580409447854709,1.0631328158432674,1.08804842933113,1.1107588984191563,0.2971550170416326,0.1571946847901889,0.1571946847901889,0.5617308515925351,4.32176595458307,1.20940239447707,0.6793586369676556,0.6390157719182006,1977780.977585347,76,0.0,0.0521783939813802,0.7889523513227675,1.046366224384646
Flow IAT Std,Active Max,3,False,False,False,False,True,True,True,0.1047227531201904,0.7060336584033153,0.7801569237734141,0.7691848780512356,0.7966816023060364,0.8118470760306621,1.0716224044413671,1.1201404820173109,1.0888676372390298,0.3183189840166041,0.179215795041802,0.179215795041802,0.5653908773036919,3.7760331756146313,1.1969149394472869,0.6767247876719967,0.6314955574531599,1970113.191012364,60,0.0,0.0748112643219882,0.7993169561198633,1.1008438202800817
Bwd Bytes/Bulk Avg,Bwd Bulk Rate Avg,3,False,False,False,False,True,True,True,0.0104921071478684,0.9933301427643652,0.7790759842194364,0.7438333361698706,0.7961207032698402,0.8098090036464204,1.7835966197063269,1.9215205818494,1.8230656442819584,0.8428892392113998,0.8405643364645468,0.8452205723676193,0.8405643364645468,0.7969811388176821,0.8013959492392648,0.6736248543176783,0.3776778038683389,1961088.5184957688,9,0.0,0.0103086004553826,0.6858523812686469,1.6859312964923152
Flow Duration,Active Mean,3,False,False,False,False,True,True,True,0.2077155023675768,0.701334696881345,0.778477394025445,0.7572900410783817,0.7982825795291005,0.8366868678289907,1.0631889932646523,1.0701655831500754,1.096411317347875,0.2954267107282056,0.155470492990896,0.155470492990896,0.5613730279789981,4.321821786703103,1.1969149394592289,0.6719157637975264,0.6319814897013996,1956112.933383882,76,0.0,0.1828152084968249,0.7972468828717171,1.091115247266657
Fwd IAT Std,Idle Min,3,False,False,False,False,True,True,True,0.6142914808153678,0.6803535599513302,0.7777429559838549,0.7428119064689154,0.8065315772390855,0.8737645687511073,1.0520454831342765,1.0118002163073911,1.1291280331909033,0.393423058294341,0.279465611057203,0.279465611057203,0.5538488338945953,2.3968104818211486,1.20940239447707,0.6698261058904565,0.6366893034841957,1950029.4225055769,36,0.0,0.610394132540265,0.7819281141264568,1.0275263446545222
Flow IAT Mean,Idle Min,3,False,False,False,False,True,True,True,0.7323294799429204,0.7069439383294903,0.7762692113096816,0.758733466682055,0.7993766693941683,0.8741119995488882,1.0423617470351014,1.0656660566275566,1.09037601180252,0.2911576084509609,0.1540198145404156,0.1540198145404156,0.5504016039224499,4.321892087028573,1.20940239447707,0.6656570177078307,0.6386046107325298,1937892.1759132943,76,0.0,0.7263605802773361,0.787745090521766,1.0412963166397002
Fwd IAT Mean,Active Min,3,False,False,False,False,True,True,True,0.0319576632274855,0.6897455716770564,0.7697927993812146,0.7603125345659396,0.7837833196713229,0.8122181466103542,1.0248331839072682,1.0779581675742778,1.0298053530392364,0.3086247434790473,0.176013490853843,0.176013490853843,0.5411473394763824,3.6798732404885786,1.1969149392562175,0.6477073349580381,0.63201245346935,1885636.211001021,56,0.0,0.0196990337097151,0.7823095619346814,1.0211672696545842
Flow Packets/s,Active Min,3,False,False,False,False,True,True,True,0.0237099428966882,0.6866834823462469,0.76869532652123,0.7566961436573328,0.7816806229060115,0.76571877385768,1.0194687739558037,1.0671062677442085,1.020493802016447,0.2834729440255348,0.1491806983904655,0.1491806983904655,0.5386548719873788,4.32176595458307,1.1969149392562175,0.6447240633848392,0.6324117813664292,1876951.169776286,76,0.0,0.0180319647399635,0.7804864493672398,1.015070476948543
Fwd IAT Mean,Active Mean,3,False,False,False,False,True,True,True,0.0360120702918897,0.6903473222807442,0.7655503233264267,0.7566058653785555,0.7788468368482118,0.8095731053224443,1.006730033261752,1.0614210269114714,1.0083998180408074,0.3031730524539577,0.1729043066936875,0.1729043066936875,0.5315882611130234,3.6798732404885786,1.1969149394592289,0.636265931367331,0.6320124664463055,1852327.4560265045,56,0.0,0.0207696485281463,0.7799421361031392,1.0109266389200655
Flow IAT Mean,Active Min,3,False,False,False,False,True,True,True,0.0674509334066833,0.6839502219506158,0.7649425764193741,0.7520604680072928,0.7782741817374313,0.8029648336002354,1.0042168086513248,1.047134666831055,1.0062535814199292,0.2790380916856684,0.1468446666046618,0.1468446666046618,0.5302355094802448,4.321892087028573,1.1969149392562175,0.6346468026210368,0.6319818560629105,1847613.7718832132,76,0.0,0.0355269954515487,0.7749025991912397,0.9916471580233804
PSH Flag Count,Down/Up Ratio,3,False,False,False,False,True,True,True,0.0621974310607418,0.2229673624870727,0.7601332376749432,0.7498537083492705,0.7910255638466234,0.8406511414800184,1.3320522464301268,1.2011115535916737,1.3989689132557046,0.3131260760791459,0.290330308732341,0.3377116910350365,0.290330308732341,1.8418228111487625,2.142404969208321,0.6220050961399534,0.4669524771321204,1810810.6383952757,48,0.0,0.0624347417387459,0.7350761757940085,1.2215061765145672
Fwd PSH Flags,Down/Up Ratio,3,False,False,False,False,True,True,True,0.048437910997931,0.2387871312782043,0.7511326642174606,0.7420538616793858,0.7790556432095535,0.8287724174102215,1.2930978940760165,1.1636767638881236,1.335736362641894,0.3094035269433141,0.2796536696176127,0.3423182060005156,0.2796536696176127,1.7502177825891423,2.142404969208321,0.5991314114461156,0.4633302816367396,1744219.6862632995,40,0.0,0.0891650027071262,0.727618917212209,1.1926231440290835
Bwd IAT Std,Down/Up Ratio,3,False,False,False,False,True,True,True,0.0173537304384898,0.2675893650908669,0.7509904327059249,0.7444982966853531,0.7972059590060251,0.8653913379796104,1.2416390639491732,1.133819716237486,1.3864934637163315,0.2788088041041435,0.2781306177195441,0.2781306177195441,0.2794886441605898,2.15286567511502,2.142404969208321,0.5987778600869439,0.4822479233074895,1743190.4108339176,64,0.0,0.0058990236582338,0.7375430219472386,1.1921355208329898
Down/Up Ratio,Bwd Init Win Bytes,3,False,False,False,False,True,True,True,0.0553248267862283,0.3499564573011628,0.746885543036198,0.7310440559616814,0.786473050498996,0.8578363126671408,1.2371303368984243,1.0803803388598807,1.3402539478450477,0.2809249785553561,0.2747737041928075,0.2747737041928075,0.2872139596041921,2.142404969208321,2.0496098103368645,0.5886765492704481,0.4758403635515907,1713782.9972905852,56,0.0,0.0643486566494341,0.7077616579665498,1.0644860611321691
Fwd Packet Length Std,Down/Up Ratio,3,False,False,False,False,True,True,True,0.0560856101462887,0.2478226815502431,0.7385741856987793,0.7221944241667956,0.7977331875276746,0.8883288403491955,1.1753678295283758,1.031528673116055,1.3849765150563615,0.2647184218947458,0.2639380259829562,0.2639380259829562,0.2655011252337311,2.155092764344146,2.142404969208321,0.5688109300311462,0.4839429119473054,1655949.2675027128,64,0.0,0.0691589460577453,0.7217779250967942,1.114279186309561
Protocol,Bwd Init Win Bytes,3,False,False,False,False,True,True,True,0.162106601050386,0.7308915654143272,0.7242237010778138,0.7242246390166772,0.7242211998884706,0.7236658238110454,1.037944382994456,1.0430322706604458,1.036970146736916,0.3733138344735522,0.2616309345691701,0.5326710285189988,0.2616309345691701,1.0067026390969698,2.0496098103368645,0.5362413301805734,0.5166378266179582,1561131.108835369,14,0.0,0.2239020167107461,0.7727512686181928,2.119161689852783
Protocol,PSH Flag Count,3,False,False,False,False,True,True,True,0.1064926542255179,0.7163291081223003,0.712335447840564,0.7123364356822178,0.7123338014284915,0.7092832675982339,1.024734323348302,1.025509547813387,1.0245742451614257,0.375116230090018,0.2773272434662941,0.5073868124825944,0.2773272434662941,1.0067026390969698,1.8418228111487625,0.5107876431692271,0.4984586068125806,1487029.131998577,12,0.0,0.1352989923504282,0.7523848657360774,2.077192183333937
Protocol,Fwd PSH Flags,3,False,False,False,False,True,True,True,0.1575628965077716,0.7141194734664634,0.7103707268280596,0.7103713909585118,0.7103697306288459,0.7089908716837987,1.0222507929827642,1.0228108181672342,1.022165127956455,0.3817325799047242,0.2895101437612006,0.5033321481160677,0.2895101437612006,1.0067026390969698,1.7502177825891423,0.5067058018507923,0.4956766043411967,1475145.882601533,10,0.0,0.3618579424253771,0.7498485299690111,2.072287418092805
Protocol,FIN Flag Count,3,False,False,False,False,True,True,True,0.6569686459652386,0.7068370273624448,0.7007432616125455,0.7007436074721297,0.7007370360545093,0.7026167693925636,1.0039137845150872,1.0038918238578134,1.0039138842460182,0.4150461472569311,0.3559557935434324,0.4839457805644711,0.3559557935434324,1.0067026390969698,1.3686797723511446,0.4871894944740961,0.4852901733084774,1418329.0860202366,6,0.0,0.7608929461980904,0.7366374584769626,2.0508072601376663
FIN Flag Count,Down/Up Ratio,3,False,False,False,False,True,True,True,0.1313469289219334,0.366776848574544,0.6980588458881954,0.6901592766164713,0.7270268436327272,0.7568924559873995,1.1600562278514104,1.14964290943597,1.2403044140204105,0.2814126440976223,0.2249281170743481,0.3520817107620138,0.2249281170743481,1.3686797723511446,2.142404969208321,0.4818871157347545,0.415399791980151,1402892.5503879944,24,0.0,0.1057940457588916,0.6586672546432237,1.104219393132602
Active Std,Idle Std,3,False,False,False,False,True,True,True,0.2425239944246132,0.9807693099164362,0.6877939351357522,0.6864987142563288,0.6925370620856387,0.6526517405257201,1.6065914390511475,1.8459485908254605,1.4962640858875584,0.7911627035041202,0.7842918924786688,0.7980937064614279,0.7842918924786688,0.579061549975275,0.5892517608826818,0.4621453786890666,0.2876558205501266,1345419.472298148,4,0.0,0.1689799021058679,0.7263243548981495,1.537650864299356
Flow Duration,Idle Std,3,False,False,False,False,True,True,True,0.2444118325645023,0.518778060178931,0.6369638935989252,0.6097618713754915,0.6609295089245628,0.717024101157969,1.0517095569375206,1.067709579530693,1.074314340572222,0.2352372473647469,0.0868606562289047,0.0868606562289047,0.6370728123664432,4.321821786703103,0.5892517608826818,0.375396276497409,0.3569391131050741,1092871.3853214665,38,0.0,0.217834424395608,0.6653953963601809,1.0041618209959091
Flow Duration,Active Std,3,False,False,False,False,True,True,True,0.3151442354253225,0.5133371860043926,0.6309377413560151,0.6012914837069824,0.6481724262623457,0.6853472935917592,1.0442959944502817,1.049191902225885,1.0378639192949313,0.2314728813672852,0.0847284096450595,0.0847284096450595,0.632369886711281,4.321821786703103,0.579061549975275,0.3661810867567234,0.3506487516017731,1066043.6893414482,38,0.0,0.3079080193848258,0.6637289534206233,1.0038182095337376
Fwd Bytes/Bulk Avg,Fwd Packet/Bulk Avg,3,False,False,False,False,True,True,True,0.8574122915750743,0.9998115220000188,0.5400836524638107,0.5400836524638107,0.5521223111802965,0.5741648195604044,1.9645827844540955,1.9645827844540955,1.869106997068124,0.999998619248882,0.999998619248882,0.999998619248882,0.999998619248882,0.2487742937896939,0.2487742937896939,0.2487739502943096,0.12662940562387,724242.4837741093,1,0.0,0.3540619966694786,0.5678849206407331,1.9615296438839045
Fwd Bytes/Bulk Avg,Fwd Bulk Rate Avg,3,False,False,False,False,True,True,True,0.0591314921191419,0.9997138550027888,0.5400836524638107,0.5400836524638107,0.5483197509936403,0.5858337167288723,1.9645827844540955,1.9645827844540955,1.8352809221144,0.999998619248882,0.999998619248882,0.999998619248882,0.999998619248882,0.2487742937896939,0.2487742937896939,0.2487739502943096,0.12662940562387,724242.4837741093,1,0.0,0.1048881705709583,0.5678849206407331,1.9615296438839045
Fwd Packet/Bulk Avg,Fwd Bulk Rate Avg,3,False,False,False,False,True,True,True,0.1127447369393971,0.9997084881945466,0.5400836524638107,0.5400836524638107,0.5426923156276179,0.5708462495593704,1.9645827844540955,1.9645827844540955,1.792395885336181,0.999998619248882,0.999998619248882,0.999998619248882,0.999998619248882,0.2487742937896939,0.2487742937896939,0.2487739502943096,0.12662940562387,724242.4837741093,1,0.0,0.3155952422383052,0.5678849206407331,1.9615296438839045
Bwd Packets/s,Subflow Fwd Packets,3,False,False,False,False,True,True,True,0.0319160561791428,0.2763631779386459,0.3984835225699243,0.3456295508531072,0.463501089180885,0.4641877950776763,1.1287257895334248,1.0137968922060845,1.4307057359346549,0.1435610016003913,0.0288601970145318,0.0288601970145318,0.7141240640225023,4.321879391390578,0.1746619347988346,0.1247302907085771,0.1105053963196288,363120.71837817685,19,0.0,0.029776418271883,0.4308126317224133,1.1734102707893788
Down/Up Ratio,Subflow Fwd Packets,3,False,False,False,False,True,True,True,0.5701357796225794,0.3134147254185826,0.391956134198299,0.3455216330279652,0.4629964075818358,0.4630586579038639,1.1707070421788954,1.0152351377953566,1.490204640264177,0.196691682209632,0.0561609369320928,0.0561609369320928,0.6888705916219685,2.142404969208321,0.1746619347988346,0.1203194703587109,0.1027750462103438,350279.7296738159,8,0.0,0.6081966882346836,0.4300018027186615,1.1789127605816945
CWR Flag Count,ECE Flag Count,3,False,False,False,False,True,True,True,0.5795392238813606,0.947558487943873,0.0756718529428778,0.0756718529428778,0.0756718529428778,0.0655103725153353,1.9681828926339104,1.9681828926339104,1.9681828926339104,0.875556656736553,0.8361763125135564,0.8361763125135564,0.9167916475070702,0.004954066495541,0.0045184454564487,0.0041424730541884,0.0021047195713833,12059.76337226408,32,0.0,0.67269651754004,0.0844013780531812,1.8495898752964308
Subflow Bwd Packets,Fwd Seg Size Min,3,False,False,False,False,True,True,True,0.0133109900976934,0.0144289173219902,0.0256875430953389,0.0256875430953389,0.0256875430953389,0.0661278427274796,1.016166211017185,1.016166211017185,1.016166211017185,0.0111698228679119,0.0002466739135769,0.5057889628106512,0.0002466739135769,0.0009413771551688,1.9302331893233744,0.0004761381749265,0.0004685632820342,1386.1559621515412,8,5.5735711311696036e-294,0.014201629559463,0.0288612682305226,0.7352073237343628
Fwd PSH Flags,URG Flag Count,3,False,False,False,False,True,True,True,0.0051723316002003,0.0110254009119695,0.0159477841425553,0.0140011068719609,0.0186127774393927,0.0,1.0640437678055443,1.0312373506151873,1.1538527672648031,0.0049655381963111,0.0001048355026978,0.0001048355026978,0.2351929350698489,1.7502177825891423,0.0007801465678121,0.0001834849610684,0.0001724411782861,534.1700920943208,20,2.0014739579541847e-100,0.0097499206311027,0.0170817527567323,0.988821523819828
Bwd URG Flags,URG Flag Count,3,False,False,False,False,True,True,True,0.0266182021988298,0.1031365499671356,0.0029729316070167,0.0029729316070167,0.0029729316070167,0.0,1.0591626767737088,1.0591626767737088,1.0591626767737088,0.0698205769806227,0.0081722208908534,0.5965224184484771,0.0081722208908534,1.0687829798558875e-05,0.0007801465678121,6.375530079402041e-06,6.019405913001388e-06,18.560744541862487,4,0.0009585049813798,0.0311990740453057,0.0039493716933125,1.0812315242106794
Flow Duration,Bwd IAT Mean,2,False,False,False,True,False,False,True,0.4458617619923593,0.7778299843431246,0.922218729731604,0.88941392718724,0.942669089677045,0.9855111089286122,0.9683874248905786,0.8513943790552464,1.086087039378404,0.3505078045556717,0.3171881001789206,0.3171881001789206,0.3873276487520689,4.321821786703103,3.539201103388576,1.3708304418362252,1.4155805895467095,3990826.3821597416,247,0.0,0.424814811562869,0.9114521691319372,0.8879389861108719
Flow IAT Max,Bwd IAT Mean,2,False,False,False,True,False,False,True,0.7513597594054701,0.7374436560614955,0.9149131076579902,0.8707292834742535,0.9405048102109148,0.973956692051948,0.9245706597114252,0.7719225465579079,1.068305938049685,0.3346596192697427,0.3028530024304389,0.3028530024304389,0.3698066714576928,4.321635146952657,3.539201103388576,1.308820179663523,1.4155977868387355,3810299.175664405,247,0.0,0.7485080101495397,0.9050030003131307,0.854484555973056
Flow IAT Mean,Bwd IAT Max,2,False,False,False,True,False,False,True,0.6265350876694789,0.6172213151229272,0.9060057966579304,0.8668078196253662,0.9331994025775796,0.966190478415366,0.8762236282915142,0.7567833424102188,1.012894307481566,0.3171173345672789,0.2869960476765474,0.2869960476765474,0.3503999608956055,4.321892087028573,3.539857551043754,1.2403659474617452,1.4155814878905355,3611011.979010523,247,0.0,0.6143234422611443,0.9078902824316136,0.8691643983676641
Total Length of Fwd Packet,Fwd Act Data Pkts,2,False,False,False,False,False,True,True,0.7969313333239283,0.8581572884146564,0.899277525505581,0.8843644103399849,0.9169283106001608,0.9449698753605024,1.0310896385049957,0.9970150634069496,1.11564889652722,0.4037126710524698,0.2920302411819022,0.2920302411819022,0.5581063115542164,4.085350413473319,2.1376677558739634,1.193045866559197,1.1570728887248118,3473251.522641562,102,0.0,0.8518356403134447,0.9055036949971048,1.0224907514910604
Fwd IAT Std,Bwd Packets/s,2,False,False,False,False,False,True,True,0.0628962497678579,0.6728245215699238,0.8945695535310828,0.8380335908349835,0.928190301729409,0.9102949685213684,1.117366101249769,0.9085917947713268,1.3257709736034176,0.3610017523194115,0.2688374925695216,0.4847622403113446,0.2688374925695216,2.3968104818211486,4.321879391390578,1.161883218769333,1.0398411205331644,3382529.349320729,171,0.0,0.0562710453020776,0.8716960737933837,1.0729960351067338
Fwd Packet Length Max,FWD Init Win Bytes,2,False,False,False,False,False,True,True,0.3249845636156405,0.3321324520521083,0.8848157701681068,0.8353666386146273,0.9037588456448108,0.9213305674435642,1.043401326132854,0.8719216007222363,1.153932098750648,0.3927653199226161,0.2706260133587048,0.2706260133587048,0.5700287072161203,4.071229785005712,1.9328512270270348,1.1017806861833126,1.055951011934046,3207556.015377534,68,0.0,0.363066046279197,0.8502947728905283,1.0062627017607702
Total Length of Fwd Packet,FWD Init Win Bytes,2,False,False,False,False,False,True,True,0.0338772386801624,0.3336574184843781,0.884203595171978,0.8361173125874178,0.8976275358554326,0.916934447279878,1.0398320011936997,0.8742600393071681,1.114064618652691,0.3908086451978884,0.2688120416271897,0.2688120416271897,0.5681717092615561,4.085350413473319,1.9328512270270348,1.0981913854082466,1.056123858611345,3197106.673293,68,0.0,0.0382790329227207,0.8456377166604537,0.9843674971145212
Flow Duration,Bwd IAT Std,2,False,False,False,False,False,True,True,0.5654426718107,0.7706677066256044,0.8688179275546878,0.8292405509208134,0.901147240346148,0.9472914040162338,1.0532824357441972,0.9364402374388192,1.2078685257591808,0.3324647721746027,0.2346500623400786,0.2346500623400786,0.4710538903540334,4.321821786703103,2.15286567511502,1.014115751672593,0.9628146423576016,2952341.7140617166,152,0.0,0.5748151314972332,0.8541889972377819,1.0942126837061528
Flow IAT Mean,Bwd IAT Std,2,False,False,False,False,False,True,True,0.2255267678511705,0.6199992927475079,0.8612554428579283,0.8049471246673773,0.9069305972537588,0.9478592504223856,1.0143266528513075,0.8401519563869098,1.2492342077544774,0.320166530594758,0.2259682578006364,0.2259682578006364,0.4536327726327032,4.321892087028573,2.15286567511502,0.976610425308203,0.9628164877289944,2843154.4350529234,152,0.0,0.2000717307046136,0.8488176668324713,1.066377553928846
Flow Packets/s,Bwd IAT Std,2,False,False,False,False,False,True,True,0.0488097929237038,0.6466498182756479,0.8588408365344463,0.8035214397636573,0.9077345476164436,0.8700563221666284,1.0018790300325038,0.8347721972997911,1.2548611896338293,0.3163979722114674,0.2233117300857859,0.2233117300857859,0.4482866922443878,4.32176595458307,2.15286567511502,0.9651010323437932,0.9632909796629666,2809647.74619979,152,0.0,0.0507062626610294,0.8475141038868262,1.0595687546193242
Fwd Packet Length Max,Bwd Init Win Bytes,2,False,False,False,False,False,True,True,0.2264681757767644,0.5294561094077253,0.8578727982713543,0.7811204784036894,0.8903910827227098,0.937048480266884,1.010191532782647,0.7634038019454905,1.1525239887942136,0.3325218144329036,0.2359353031909881,0.2359353031909881,0.4686486319694346,4.071229785005712,2.0496098103368645,0.960546833685504,0.9508561520404027,2796389.3477863786,119,0.0,0.2314890793757185,0.7761845073051087,0.7810255528485505
Fwd Packet Length Max,Bwd Packet Length Min,2,False,False,False,True,False,False,True,0.2317855307852305,0.1578407372385291,0.8499452819443869,0.7994608430264012,0.8990590569620616,0.9667402062245616,0.8560246439205186,0.7198819566190223,1.0646851317496997,0.2900604060249423,0.227075958896385,0.227075958896385,0.3705149569873457,4.071229785005712,2.4951176460853897,0.9244784073176956,1.0799670475416043,2691385.239970663,153,0.0,0.2838914820299925,0.855666668636687,0.7596783883540612
Fwd Packet Length Max,Fwd PSH Flags,2,False,False,False,False,False,True,True,0.1819956347941355,0.6785381585987712,0.8493394098231565,0.8157643497366572,0.8740191443984008,0.902718019881462,1.0067948619785572,0.9203489558266476,1.101761104488922,0.3453278581217919,0.2264200351094127,0.2264200351094127,0.5266818792663766,4.071229785005712,1.7502177825891423,0.92180799085948,0.9155867055657588,2683610.9973454955,85,0.0,0.3238938252879346,0.8163386290665562,0.9763215057222489
Fwd Packet Length Std,Bwd Init Win Bytes,2,False,False,False,False,False,True,True,0.2340666794040267,0.82857989827192,0.8493112416531036,0.7947751976610621,0.8695289363691273,0.9281633193144812,1.0550582776489754,0.8883885873936966,1.1225558865664067,0.4385443570118391,0.4276772395437445,0.4276772395437445,0.4496876038390536,2.155092764344146,2.0496098103368645,0.9216841244154018,0.8735859847185162,2683250.3914982625,56,0.0,0.2419629290660198,0.7629248011239748,0.8121796097606608
Total Length of Fwd Packet,Bwd Packet Length Min,2,False,False,False,True,False,False,True,0.0313662745158115,0.1900195009552149,0.8446602137104164,0.8099421102308361,0.8890392483435984,0.965430067480294,0.8343547024686789,0.7546301090435414,1.0068414459446244,0.2823843559887355,0.2206843268871865,0.2206843268871865,0.3613347881652528,4.085350413473319,2.4951176460853897,0.9015728060956486,1.080562982899342,2624701.370933053,153,0.0,0.0368268192356888,0.8447013641902714,0.7208229984596816
Fwd Packet Length Std,Bwd IAT Std,2,False,False,False,False,False,True,True,0.1759934186086484,0.88853061720211,0.8414707274744808,0.8222127242106513,0.8634619241715579,0.892001592906393,1.008011121866779,0.9931595216324656,1.0784414120033383,0.412334667060299,0.4121215571005351,0.4121215571005351,0.412547887220207,2.155092764344146,2.15286567511502,0.8881601857376061,0.8811015736540527,2585653.916525002,64,0.0,0.1869919447567486,0.8104626245497913,0.9892885143147836
Fwd Packet Length Mean,Fwd Packet Length Std,2,False,False,False,True,False,False,True,0.8386250467605877,0.4721173288641,0.8388323780837494,0.7914058375128158,0.8948571039274587,0.9873568310242606,0.9089582881176924,0.7868404693878684,1.1626578123981484,0.2957120810602591,0.2148136479956071,0.2148136479956071,0.4070767183599875,4.083949499747377,2.155092764344146,0.877288090270569,0.965157699466378,2554002.558271612,136,0.0,0.8424136073697279,0.7807633217495356,0.7840491437684246
Total Fwd Packet,SYN Flag Count,2,False,False,False,False,False,True,True,0.0052940296319918,0.6765867379876943,0.8210062637442723,0.7795291517903526,0.8274594588462907,0.832257515943778,1.001610742189068,0.8991610691170951,1.0088496182048237,0.3900355164870444,0.2856321523090148,0.2856321523090148,0.5326000693252984,2.831059274364596,1.5182903653684277,0.8086415538511572,0.8073411354233607,2354155.5164890317,162,0.0,0.0069552283072543,0.7499597269508993,0.8912165105122808
Bwd IAT Max,Idle Min,2,False,False,False,False,False,True,True,0.9271972869618006,0.675254307910512,0.8056465738989634,0.7385838495162415,0.8418901589219957,0.9236447746759028,1.1838959392608095,0.9867477478327672,1.3202491763680244,0.3650720279038814,0.2133885328498594,0.2133885328498594,0.6245770743999008,3.539857551043754,1.20940239447707,0.7553650093147232,0.6380332800079974,2199054.321623889,52,0.0,0.9438087778857916,0.848772613102233,1.3672327873235477
Protocol,Packet Length Std,2,False,False,False,False,False,True,True,0.4810505015800529,0.3330456063006449,0.7889099073655284,0.7741242132127167,0.79719528078249,0.827862101327341,1.0403374445738531,0.9878310311794796,1.075702176311208,0.3478751192206252,0.173422391764876,0.6978170312449486,0.173422391764876,1.0067026390969698,4.050770144570117,0.7024942469611024,0.675256139846875,2045134.459030893,34,0.0,0.6021241037431622,0.7695568034201664,0.9885776360063268
Bwd IAT Max,Active Min,2,False,False,False,False,False,True,True,0.108663061583645,0.6658162071047444,0.767317889035205,0.7306267096241946,0.8065987317236277,0.8545151009673901,1.01516738119949,0.965063004906439,1.1369457234987508,0.3114121873281337,0.1810816136549285,0.1810816136549285,0.535546091395531,3.539857551043754,1.1969149392562175,0.6410031174515868,0.6314260380334497,1866118.5760843027,52,0.0,0.1255053186629826,0.8044144602112091,1.123795785847777
Flow Packets/s,Active Mean,2,False,False,False,False,True,True,False,0.0290398571891695,0.687746282539924,0.764560548029177,0.752700324890219,0.7762467101975756,0.7443027565052946,1.0019286966251415,1.049514839040256,0.9972246452784536,0.2785957698359066,0.1466140328105909,0.1466140328105909,0.5293872727089651,4.32176595458307,1.1969149394592289,0.6336315354649371,0.6324118049510283,1844658.078146156,76,0.0,0.0235017952337425,0.7767898887742395,0.9992662369128916
Fwd IAT Mean,Active Max,2,False,False,False,False,True,False,True,0.0372672907181722,0.693237143547825,0.7639119281704232,0.7507928092613176,0.7791356759792003,0.8046594573321986,0.9998413642743746,1.0360777580158216,1.0096372982722244,0.3010985550874996,0.1717211885826228,0.1717211885826228,0.5279508057455543,3.6798732404885786,1.1969149394472869,0.6319122066900865,0.6320124664463055,1839652.6869432228,56,0.0,0.0232095029047994,0.780800274942254,1.0146209891656035
Packet Length Std,Bwd Bytes/Bulk Avg,2,False,False,False,False,False,True,True,0.0186894054229941,0.4879131522960835,0.6838271238692013,0.5616626025918707,0.719402312925821,0.7615758856739869,1.008948452514466,0.7155116086762386,1.1129641569347777,0.2530846355761078,0.1122589568059242,0.1122589568059242,0.5705721359537088,4.050770144570117,0.7969811388176821,0.4547352306900241,0.4507021439566599,1323846.6991616876,51,0.0,0.0486230178814109,0.5739676096677934,0.8651230943278911
URG Flag Count,FWD Init Win Bytes,2,False,False,False,False,True,True,False,0.0073998353515364,0.0068647468404501,0.0155006288618565,0.0131176589643234,0.0159193458410103,0.0334988254744425,1.03225957944121,1.3966258589701466,0.8878239991571812,0.0044638340780742,8.968027489178542e-05,0.2221872613640053,8.968027489178542e-05,0.0007801465678121,1.9328512270270348,0.0001733386293647,0.0001679215507581,504.6316116160024,16,3.4993496040590885e-97,0.009899360336638,0.0156827316574309,0.6686563243435774
Bwd Packets/s,URG Flag Count,2,False,False,False,False,True,True,False,0.0004153947812337,0.0045454831490566,0.0147084264992595,0.0136150281488025,0.0145828751672993,0.0,1.0673327620971995,1.1136930064191692,0.9701805426078144,0.0026878159774433,3.6111980796850685e-05,3.6111980796850685e-05,0.2000542359955393,4.321879391390578,0.0007801465678121,0.0001560716255882,0.0001462258361502,454.3630940013544,76,2.8849607748951764e-55,1.6717223449807742e-05,0.0160811950295293,1.0530531396168157
Flow Duration,URG Flag Count,2,False,False,False,False,True,True,False,0.0021063878669073,0.0004740834734294,0.014340641943437,0.0130832995293307,0.0132392423462819,0.0,1.024223241367115,1.0377726449078255,0.8111919410367444,0.002555082108847,3.432887211746452e-05,3.432887211746452e-05,0.1901735821850433,4.321821786703103,0.0007801465678121,0.0001483632674302,0.0001448544237603,431.922157353588,76,3.3386698792961475e-51,0.0025093749637703,0.0160672461722134,1.0555185557059543
Flow Packets/s,Bwd IAT Max,1,False,False,False,False,False,False,True,0.0558443446271886,0.6576170494469915,0.9096548219049424,0.8722994249651789,0.9362935284173078,0.9367550600508476,0.8951366281842946,0.7780112139883314,1.0353773544064568,0.3240716340825662,0.2932940751720602,0.2932940751720602,0.3580789143296998,4.32176595458307,3.539857551043754,1.2675483487595374,1.4160389697499554,3690146.670595263,247,0.0,0.0561811806087069,0.9057027987596896,0.8579796424861462
Flow Bytes/s,Bwd IAT Mean,1,False,False,False,False,False,False,True,0.0244065291352776,0.113668015468505,0.9083350873793976,0.8719072028125953,0.9309686874918432,0.9129741675966944,0.8916886631672869,0.7755949851333876,1.0009514517056295,0.3303846272189484,0.307190088018192,0.307190088018192,0.3553304815490639,4.093836622396378,3.539201103388576,1.2575860323660413,1.4103420670383802,3661143.904186507,221,0.0,0.0290561866891421,0.8939605816129097,0.8033359712757566
Flow Bytes/s,Fwd IAT Mean,1,False,False,False,False,False,False,True,0.0238463549935952,0.1939598604902934,0.9079565536798608,0.8746462663371317,0.9337134627451936,0.9271698478833512,0.8757989661649477,0.7697062106860747,1.005861942218787,0.3232791893053808,0.3064989029725198,0.3064989029725198,0.3409781673747602,4.093836622396378,3.6798732404885786,1.2547564337132158,1.432699149221073,3652906.242831764,238,0.0,0.0278024479273879,0.8941146490455074,0.7915924593420651
Total Length of Fwd Packet,Bwd IAT Max,1,False,False,False,True,False,False,False,0.0322296114017789,0.6718873484731699,0.9062885691272824,0.8667078354064229,0.92709543192057,0.9546559927275948,0.8812552950954956,0.7556145942135268,0.9755363122376276,0.3267120767011162,0.3041189094158337,0.3041189094158337,0.3509837032737914,4.085350413473319,3.539857551043754,1.2424323123270309,1.4098437980930338,3617027.678084512,221,0.0,0.0278847882041529,0.8776656646554417,0.7362213960584086
Bwd IAT Max,Bwd Packets/s,1,False,False,False,False,False,False,True,0.0605217887013657,0.5694828367691944,0.9033923377601302,0.8550753237164719,0.9367854462579748,0.9372250979589092,0.8626647200772519,0.714113029469796,1.0388362841463556,0.3123130561505233,0.2826485172256863,0.3450909489972579,0.2826485172256863,3.539857551043754,4.321879391390578,1.2215728016047986,1.4160458555618298,3556300.484429752,247,0.0,0.0580206410171353,0.9061770210164944,0.8601777231284161
Total Length of Fwd Packet,Flow Bytes/s,1,False,False,False,True,False,False,False,0.0033999171337637,0.2633576359993184,0.9013319646109798,0.8725496078778023,0.9259319477064484,0.9603590618879092,0.8112968249374067,0.7351385455619605,0.9171147768176848,0.2951716659527134,0.2948655731461205,0.2954780765068318,0.2948655731461205,4.085350413473319,4.093836622396378,1.207131482029486,1.4879036191502646,3514258.232233223,289,0.0,0.0020873202240702,0.8643389336102372,0.6432188294505943
Total Length of Fwd Packet,Fwd IAT Mean,1,False,False,False,True,False,False,False,0.0006604597084338,0.5983888947152347,0.9005119492544903,0.8649515812405579,0.92653869312582,0.9548280456851338,0.8390094338151001,0.7330356589693332,0.958146901263328,0.3098722739421071,0.294092867551478,0.294092867551478,0.3264983165266487,4.085350413473319,3.6798732404885786,1.2014724180509846,1.4320130020323034,3497783.297672037,238,0.0,0.0016980999374803,0.8937585570957693,0.7902374897404507
Total Fwd Packet,Flow IAT Std,1,False,False,False,False,False,False,True,0.0005587690421608,0.8195001489843557,0.8958248612041613,0.8796314548842608,0.922990571770072,0.9496651066076732,0.9093338329564916,0.8813686224946768,1.0396508967983202,0.3578577602214579,0.3098610726574271,0.4132890119188996,0.3098610726574271,2.831059274364596,3.7760331756146313,1.1700456901859806,1.2867064303346594,3406292.3219532496,135,0.0,0.000967179593455,0.8906066803078646,0.9208411010754234
Flow Bytes/s,Packet Length Mean,1,False,False,False,True,False,False,False,0.0255413938051813,0.3451291882999002,0.8932511139423482,0.859398187209238,0.9254642619300768,0.968403591124846,0.7744879722541734,0.6878574662076803,0.913347780830208,0.2818239236722651,0.2817456477804662,0.2817456477804662,0.2819022213110378,4.093836622396378,4.091562832390144,1.1534206510844631,1.4892686425166728,3357892.722246448,289,0.0,0.0098321043539422,0.8511768701952763,0.6027949384639577
Fwd Packet Length Mean,Packet Length Mean,1,False,False,False,True,False,False,False,0.1453440260657389,0.5163701692222878,0.8888954987091724,0.8472537843931882,0.936584626629057,0.9942961337354904,0.7568912563681143,0.6493165994723783,0.9876124773586434,0.2755140992401167,0.2752576499024364,0.2757707875039917,0.2752576499024364,4.083949499747377,4.091562832390144,1.1262339696718673,1.4879732857214076,3278745.5701891677,289,0.0,0.3533638321284468,0.8585877222676088,0.6250826718496607
Flow Duration,Total Length of Fwd Packet,1,False,False,False,True,False,False,False,0.0688355236903881,0.5574964437149823,0.8838053234198346,0.837659728607467,0.9149062900416816,0.9516477647050692,0.7254915107810511,0.6173322488068648,0.840834615681968,0.2608013365902095,0.2535660131313795,0.2535660131313795,0.2682431147899862,4.321821786703103,4.085350413473319,1.095867119918641,1.5105168063770311,3190340.1617303905,323,0.0,0.0602056986454553,0.8505621624042586,0.5978165965724805
Flow Bytes/s,Packet Length Std,1,False,False,False,True,False,False,False,0.0462866234148898,0.2519152578454283,0.8822569310077684,0.8383381386863101,0.9142699243040032,0.9556041385880214,0.7360700057281732,0.6320086226747131,0.85857159393074,0.2669070268073712,0.2654994063549718,0.2654994063549718,0.2683221101590863,4.093836622396378,4.050770144570117,1.086911192960481,1.4766410592770054,3164267.243818352,289,0.0,0.0618964713834386,0.8412964693771603,0.581580081084872
Total Fwd Packet,Packet Length Std,1,False,False,False,True,False,False,False,0.0125916008634428,0.6734179928166506,0.8677736979167269,0.8190667127698535,0.9018367661858444,0.9684075909324352,0.7653671125508738,0.6484719800335513,0.8935022339862447,0.2978939134758254,0.2490389696252924,0.3563329217891611,0.2490389696252924,2.831059274364596,4.050770144570117,1.0087996229926386,1.3180597996044463,2936865.148952395,153,0.0,0.0405897779310438,0.833688296078345,0.6759563663074606
Total Length of Fwd Packet,Flow IAT Max,1,False,False,False,True,False,False,False,0.0299701692764013,0.4998011716205536,0.8666981218927227,0.8087080123081163,0.9097563649448652,0.9509717977329168,0.6642974673226216,0.541660315186453,0.8148289556139066,0.2387937273340581,0.2321739668720187,0.2456022308716678,0.2321739668720187,4.085350413473319,4.321635146952657,1.0033711754415378,1.510424508293725,2921061.59583602,323,0.0,0.0271458643631354,0.82277332773975,0.5255543094383276
Bwd IAT Mean,Packet Length Std,1,False,False,False,True,False,False,False,0.0681702142341199,0.5668177295845901,0.8643344291124996,0.8277515418036225,0.8977613015534555,0.9572832617724446,0.7048150789271005,0.6335639360900969,0.817622467343917,0.2618893847361571,0.24479453356611,0.2801780286444196,0.24479453356611,3.539201103388576,4.050770144570117,0.991606388123566,1.4069029136451388,2886811.390868169,221,0.0,0.0185763090373184,0.812682921029819,0.5416911758610462
Total Length of Fwd Packet,Fwd IAT Std,1,False,False,False,False,False,False,True,0.0241878339288899,0.5675967450246611,0.861289465331652,0.8174978709507741,0.8868611330379979,0.9230161314307276,0.93983959347962,0.8241050862543651,1.0359249483561537,0.3121495062854529,0.2390918890515685,0.2390918890515685,0.4075308228178174,4.085350413473319,2.3968104818211486,0.9767741477949422,1.0392987852092688,2843631.071695568,153,0.0,0.0230779458490075,0.8390842849081102,0.9157850756780336
Bwd IAT Max,Packet Length Std,1,False,False,False,True,False,False,False,0.0111493421884719,0.5900272258804873,0.8584563012666063,0.8260614730777827,0.8926800098333568,0.9548259862780571,0.684679356534254,0.6287199135483656,0.7947773423846299,0.2543867067300546,0.2378036442146107,0.2721261769334436,0.2378036442146107,3.539857551043754,4.050770144570117,0.9632879022545192,1.4069182794272352,2804369.2761762687,221,0.0,0.2151626417219982,0.7962555821964358,0.5040970089790962
Total Length of Fwd Packet,Bwd Init Win Bytes,1,False,False,False,False,False,False,True,0.0450553910698576,0.5303226910319248,0.8555568178562369,0.7872139067822574,0.8870335077753428,0.9458867621499802,0.9984128231828864,0.7845193009319054,1.1314237201074109,0.3282282255959864,0.2324860313223677,0.2324860313223677,0.4633988866561402,4.085350413473319,2.0496098103368645,0.9497869041896058,0.9512967803856286,2765064.5324103134,119,0.0,0.0390190989293549,0.771476296956075,0.7657653637103845
Bwd IAT Std,Bwd Packets/s,1,False,False,False,False,False,False,True,0.052899075443929,0.5933596281283748,0.855136612510237,0.7893538657112714,0.9080819549374948,0.8836213326513289,0.9842048015920244,0.7849216998176517,1.2575716208794867,0.3107399104259183,0.2193154268506763,0.4402758771604852,0.2193154268506763,2.15286567511502,4.321879391390578,0.9478548235199656,0.9630666523743232,2759439.7678343733,152,0.0,0.0523685274167923,0.8566147763052866,1.106678939126105
Fwd Packet Length Min,FWD Init Win Bytes,1,False,False,False,False,True,False,False,0.392586998513492,0.8541626700167398,0.8548209660768323,0.8537247733715876,0.8558224140208588,0.8588813265592247,0.9940688065618414,1.0594722322582308,0.9978814060829412,0.4238863421560101,0.3669603094754047,0.3669603094754047,0.4896432295995896,2.579045996800042,1.9328512270270348,0.9464075171370472,0.95205433556492,2755226.301077476,40,0.0,0.3529979388631142,0.8486551584834386,1.0018583747964382
Fwd Packet Length Mean,Packet Length Std,1,False,False,False,True,False,False,False,0.0947010157647136,0.4492367047679783,0.8544970066290186,0.806951883724118,0.9087916456873792,0.9850216966794946,0.6403987745579405,0.5490386752841572,0.8312255296487112,0.2323211032473835,0.2313754519306158,0.2313754519306158,0.2332706195221899,4.083949499747377,4.050770144570117,0.944925661165862,1.475526966487612,2750912.2519260403,289,0.0,0.4358867957858161,0.8027051215666682,0.4888270013581449
Bwd Packet Length Min,Fwd Seg Size Min,1,False,False,False,False,True,False,False,0.6468187872369741,0.8430107390718018,0.853800687034267,0.8535498890500854,0.8542148238375832,0.8566302092030841,0.9907670379389892,1.0214868014851377,0.9771841153197304,0.4291276281054891,0.3774381994533718,0.3774381994533718,0.4878958236610406,2.4951176460853897,1.9302331893233744,0.9417527117628052,0.9505289091185912,2741675.0116368504,72,0.0,0.6334195266431466,0.8450104668745261,1.0340423650423427
Flow Duration,Packet Length Std,1,False,False,False,True,False,False,False,0.0544284798447457,0.6221105562850594,0.8533644446103565,0.8083342842504815,0.8924657404844086,0.9524146141103328,0.6294214504266709,0.5500346130137351,0.7475251157753553,0.2246057441790267,0.2174484077409842,0.2174484077409842,0.2319986650732604,4.321821786703103,4.050770144570117,0.9397732660588852,1.4930747362070895,2735912.355734145,323,0.0,0.4059898158809872,0.8212092099947824,0.5284173529747532
Bwd Packet Length Min,FWD Init Win Bytes,1,False,False,False,False,True,False,False,0.4702524312491819,0.8491521692758613,0.8482851059873168,0.8477356986630005,0.8489358562925671,0.8522218079889777,0.972309456160766,1.0350287155224136,0.9708415667163496,0.417651574681988,0.3675934997369271,0.3675934997369271,0.4745264482619505,2.4951176460853897,1.9328512270270348,0.917189027779892,0.943309788841794,2670164.0536873504,36,0.0,0.4349699166519797,0.8396207709048552,0.9608150837282492
Total Length of Fwd Packet,Bwd IAT Std,1,False,False,False,False,False,False,True,0.0251264626950703,0.6475386044474155,0.8482596829492941,0.8028863015218454,0.8769191783579225,0.9081217658743008,0.952562192730832,0.8287996860513868,1.0588011716256065,0.3092311183601877,0.2244796627504723,0.2244796627504723,0.4259801684956479,4.085350413473319,2.15286567511502,0.9170780830339932,0.96274877381485,2669841.066098673,136,0.0,0.0225299585217562,0.8055209327240803,0.8758788831607734
Fwd Packet Length Max,PSH Flag Count,1,False,False,False,False,False,False,True,0.1197447094727028,0.6777603134165601,0.8480302630182732,0.8094604174719662,0.8736951145947923,0.904903591113194,0.9907139763214122,0.8920036411663764,1.089782795673043,0.3345381421656235,0.2250125580180851,0.2250125580180851,0.4973756556051054,4.071229785005712,1.8418228111487625,0.916077828203554,0.9246642826267704,2666929.0769537184,102,0.0,0.1156458202834437,0.8161453599261126,0.9659425067583696
Total Fwd Packet,Fwd Packet Length Std,1,False,False,False,False,False,False,True,0.0028790155906365,0.825660428389463,0.8473743002275324,0.8125523076490189,0.8819143470774767,0.9404515129605222,0.977819960874738,0.8979677235677661,1.118978888643611,0.3697185773495865,0.322574309607622,0.322574309607622,0.4237529845562517,2.831059274364596,2.155092764344146,0.9132269908864148,0.9339418578338904,2658629.584595463,72,0.0,0.0024579239613239,0.8304942148205731,1.0104656982879443
Bwd IAT Max,Bwd Init Win Bytes,1,False,False,False,False,False,False,True,0.0412427029707274,0.7279177160600225,0.8472413198368494,0.8259795919666364,0.8735555440449873,0.9194108681742612,0.960800582743358,0.940461976593942,1.055298720484165,0.3388255089093405,0.2578213048087683,0.2578213048087683,0.4452802128700158,3.539857551043754,2.0496098103368645,0.9126506926472718,0.949885656856489,2656951.8379197447,91,0.0,0.0340058505587278,0.7908664402309048,0.8310505459972369
Fwd Packet Length Std,Bwd IAT Max,1,False,False,False,False,False,False,True,0.1357348633309979,0.7666864280578229,0.8472188039468217,0.8215815096589417,0.870007761826024,0.9018062400359912,0.9470807158003676,0.9076287441335432,1.0206698948734407,0.3303941132574167,0.2577937548889153,0.4234403200426339,0.2577937548889153,2.155092764344146,3.539857551043754,0.91255316985545,0.9635431855290826,2656667.9249582384,104,0.0,0.1386222172720507,0.8122703777388132,0.897918749337472
Packet Length Std,Bwd Init Win Bytes,1,False,False,False,False,False,False,True,0.0351499985350679,0.6392063800500455,0.8463028881952882,0.822942604622595,0.8730343357559397,0.934269142116997,0.9538613318997322,0.9247616093678196,1.0512255100993184,0.3153320018815026,0.2243028765975993,0.2243028765975993,0.4433035943136013,4.050770144570117,2.0496098103368645,0.9085993958627506,0.9525487253510562,2645157.511213687,119,0.0,0.2075982997997682,0.7440936599055169,0.6834067998663593
Fwd Packet Length Std,Bwd IAT Mean,1,False,False,False,False,False,False,True,0.0096483016691512,0.7512282766025165,0.8458063203619498,0.8202112565951984,0.8672396180005459,0.8914849562759246,0.9407837440923146,0.9020880349252908,1.0065236327367626,0.3282208924993187,0.2561218240516911,0.4206160668733453,0.2561218240516911,2.155092764344146,3.539201103388576,0.90646664228564,0.9635228584441748,2638948.5381836034,104,0.0,0.0052739897275227,0.8154940769313858,0.9108907029005324
Bwd IAT Mean,Bwd Init Win Bytes,1,False,False,False,False,False,False,True,0.0116914183338228,0.7252772526616834,0.845572230789847,0.8241616823858796,0.8649054429146347,0.9026511934666516,0.9532725909074864,0.932757896376737,1.0101921680098118,0.3361885346091697,0.2558384842528403,0.2558384842528403,0.4417737664946555,3.539201103388576,2.0496098103368645,0.9054638457569132,0.9498477711343188,2636029.149526447,91,0.0,0.0034050336506894,0.7907650624696699,0.830719624391789
Total Fwd Packet,Bwd Init Win Bytes,1,False,False,False,False,False,False,True,0.0024297822290149,0.7883114190754191,0.8376015476199281,0.8165116297381708,0.8613470605537793,0.8965368382145698,0.9460228934756876,0.9266441496796736,1.0219898841992945,0.3621157295419285,0.3081119229448303,0.3081119229448303,0.4255849638287529,2.831059274364596,2.0496098103368645,0.8722831169952716,0.922052862579788,2539431.8434848106,63,0.0,0.0021604011806888,0.7925197365747209,0.8647941605532595
Fwd IAT Std,Bwd Init Win Bytes,1,False,False,False,False,False,False,True,0.0638065096964915,0.8268206504137783,0.8347224599279032,0.8013603960319077,0.8550556435652754,0.8959464934074659,0.9505404928901052,0.889889409780997,1.0096758018914909,0.3883456313883504,0.3591179985150524,0.3591179985150524,0.4199520214581927,2.3968104818211486,2.0496098103368645,0.8607377830515093,0.9055245825819034,2505820.521553636,63,0.0,0.0650553136196912,0.7859197208305669,0.8544476544857382
Bwd IAT Std,Bwd Init Win Bytes,1,False,False,False,False,False,False,True,0.0605540806883016,0.8298148171988912,0.8324465553963657,0.8119684552373873,0.8572841027901389,0.8915638216508995,0.976294358649627,0.9590458039212284,1.0579597925279092,0.4054872123838076,0.3956437335395469,0.3956437335395469,0.4155755935670757,2.15286567511502,2.0496098103368645,0.8517678135116439,0.8724497954590013,2479706.722213936,56,0.0,0.0643146414266589,0.7740309496114997,0.8528152941027132
Fwd Packet Length Max,Bwd IAT Std,1,False,False,False,False,False,False,True,0.1763554211582549,0.61311856500725,0.8323179948154376,0.7813899042545701,0.8664677928146867,0.895176142737947,0.8846474216832524,0.7545907028765066,1.0042122709646168,0.2875368989648267,0.2090928796488061,0.2090928796488061,0.3954102521576755,4.071229785005712,2.15286567511502,0.8512651594588344,0.9622648962669216,2478243.371974672,136,0.0,0.1881738091280018,0.7923872008206019,0.8271864277715436
Fwd IAT Mean,Packet Length Std,1,False,False,False,True,False,False,False,0.0551416344036803,0.528996375795589,0.8269678136080217,0.7752014285586144,0.8755789519519872,0.9570151988433446,0.5819898667991701,0.4939477070929374,0.7162788751512996,0.2151634551173512,0.2050766142926532,0.2257464244653999,0.2050766142926532,3.6798732404885786,4.050770144570117,0.8307182265262012,1.427375756720625,2418426.169556712,238,0.0,0.0209688245715883,0.8063689072323628,0.5194782895317339
FWD Init Win Bytes,Bwd Init Win Bytes,1,False,False,False,False,False,False,True,0.0941441391876556,0.7330523891420742,0.8252527903319687,0.7598389301768974,0.8341043597682662,0.8672337963005183,0.9739047124681643,0.7925612316395892,1.0129648663023492,0.4141337099013322,0.4021649345315362,0.4264586863507164,0.4021649345315362,1.9328512270270348,2.0496098103368645,0.8242811951893195,0.8463673957386916,2399686.379646877,28,0.0,0.1291725966558305,0.7964066255014004,0.936226827152168
Fwd Packet Length Min,Packet Length Mean,1,False,False,False,True,False,False,False,0.2230263430725715,0.1514104419439139,0.8204866452012872,0.7800965769228948,0.8748825912376149,0.9646114477111364,0.7378386351443664,0.6573364252279588,0.9280466864854566,0.2483523378286081,0.1971756058732225,0.3128119395489147,0.1971756058732225,2.579045996800042,4.091562832390144,0.8067563804448851,1.0934049018550434,2348667.31055554,170,0.0,0.114309779688129,0.8161523223361425,0.6288863090848132
Packet Length Min,Packet Length Mean,1,False,False,False,True,False,False,False,0.3252512693334088,0.1497106130040741,0.820323911085731,0.7794766386475082,0.8752200391050409,0.963794788662574,0.7386405404716458,0.6567699599226893,0.9313057451489952,0.2484060420966929,0.1970316163990486,0.3131759403788857,0.1970316163990486,2.5741672156832505,4.091562832390144,0.8061672384641,1.091420243396519,2346952.1725720223,170,0.0,0.2242611760275774,0.816678300990286,0.6309143914384729
PSH Flag Count,Fwd Act Data Pkts,1,False,False,False,False,False,False,True,0.3556282067523917,0.7184741895141341,0.8120935904265775,0.7934390458573349,0.8371942275657439,0.8618961659291364,0.9696721941564206,0.9620677946775218,1.0563911087272302,0.3916504473627827,0.3635402047102792,0.4219342755822867,0.3635402047102792,1.8418228111487625,2.1376677558739634,0.7771281735729839,0.8014339054540561,2262412.27416892,36,0.0,0.2302795540540098,0.8084661326511112,1.0018831424027252
Fwd Packet Length Std,Packet Length Mean,1,False,False,False,True,False,False,False,0.2841331477639489,0.6493986395371297,0.8098439114362022,0.7605631453012672,0.8523286653423668,0.9638741967781852,0.7971435926399957,0.6897578338541874,0.9345782225823842,0.2591175277040644,0.1880551205401486,0.3570330495155656,0.1880551205401486,2.155092764344146,4.091562832390144,0.7694393416427207,0.9652455953317975,2240028.183198351,136,0.0,0.4322464678795431,0.740645551723574,0.6629120272195694
Flow IAT Mean,Packet Length Std,1,False,False,False,True,False,False,False,0.0512343083272768,0.471862358324837,0.8046848655774246,0.7326652728822839,0.8660798428628226,0.951802635642136,0.5037908774069179,0.3994873318021111,0.6510961920352745,0.1797715858919388,0.1740415291757351,0.1740415291757351,0.1856902961446082,4.321892087028573,4.050770144570117,0.7521887077589624,1.4930574202347269,2189807.3223892897,323,0.0,0.0136745951246643,0.7707880153984491,0.4246433862748427
Flow IAT Std,Packet Length Std,1,False,False,False,True,False,False,False,0.0143504282558242,0.5433893588272336,0.8043138696814593,0.7353194635732342,0.8678895356909326,0.9556864121002796,0.5279528750429687,0.4203388184505466,0.6898799928493549,0.192014845458966,0.1853889768124234,0.1988775250317895,0.1853889768124234,3.7760331756146313,4.050770144570117,0.7509681324041666,1.4224150826776865,2186253.92571916,255,0.0,0.0644544090373811,0.7789866439932505,0.4617226205038292
Flow IAT Mean,Flow IAT Min,1,False,False,False,True,False,False,False,0.5883369920137111,0.0901869425072096,0.7847943115067049,0.6569173944021245,0.8873981958924491,0.987353863385499,0.4904106323883719,0.3100774177714218,0.7462816599785111,0.1855475942961841,0.1597048276131544,0.1597048276131544,0.2155721293065383,4.321892087028573,3.2018379785081974,0.6902270307215546,1.407447117041585,2009421.559236467,209,0.0,0.6038206285619862,0.7949620701677846,0.5131768587124315
Flow Packets/s,Flow IAT Min,1,False,False,False,True,False,False,False,0.0080632476455892,0.0414103269831036,0.772122810341815,0.6434542625119573,0.8898406391004072,0.9655723631255064,0.4645980172172256,0.2933934112817882,0.7560395192744086,0.1758375092945732,0.1513493559801876,0.1513493559801876,0.2042878179076398,4.32176595458307,3.2018379785081974,0.6540964939232483,1.4078762062762344,1904236.632599493,209,0.0,0.0079909598830092,0.7787274199040066,0.4788241357146706
Flow IAT Min,Bwd Packets/s,1,False,False,False,True,False,False,False,0.0087377744830326,0.0387087743021516,0.7709361586397478,0.6348198188215177,0.882392185080454,0.968289096898515,0.4621212538433739,0.2831607621101615,0.7268454353776698,0.1749579243353241,0.1505902908152865,0.2032685847274937,0.1505902908152865,3.2018379785081974,4.321879391390578,0.6508330744181008,1.408359968309717,1894736.011472527,209,0.0,0.0082517674461872,0.7821432646660204,0.4858528256886836
Flow Duration,Flow IAT Min,1,False,False,False,True,False,False,False,0.0633655550236261,0.1408640898705115,0.7693736400182901,0.6165502004649558,0.8775706404694105,0.9768341749862156,0.4593839337492735,0.2625518455882049,0.7085091193862146,0.1738119933950846,0.149604958838176,0.149604958838176,0.2019358802180548,4.321821786703103,3.2018379785081974,0.6465659705056501,1.4074631762340613,1882313.416854323,209,0.0,0.0607599617450542,0.7649700945121342,0.4517482650576193
Flow IAT Max,Flow IAT Min,1,False,False,False,True,False,False,False,0.1566743664207014,0.1111528706209987,0.7676086866321506,0.617550419701401,0.8807279460547994,0.9807919633113584,0.455980671931916,0.263647194196798,0.7203210863059833,0.1725308893392968,0.1485054825716877,0.1485054825716877,0.200443157119397,4.321635146952657,3.2018379785081974,0.6417865129969711,1.4074862214615935,1868399.234227551,209,0.0,0.163122894422905,0.7704060811097341,0.4621911099113948
Bwd IAT Max,Active Max,1,False,False,False,False,False,False,True,0.1686747504247605,0.6708757884897155,0.76367631016845,0.731420885071855,0.7922284517851521,0.8277598873010563,0.999783056422362,0.968216511862942,1.0680878335337782,0.3066928818710885,0.1783374068517472,0.1783374068517472,0.5274301418355067,3.539857551043754,1.1969149394472869,0.6312890162777195,0.6314260000931934,1837838.4255561968,52,0.0,0.1492113818764132,0.8008321478838055,1.1063480113111768
Flow Packets/s,Active Max,1,False,False,False,False,True,False,False,0.0335327334847845,0.690611662283533,0.7631714917476227,0.747010995226147,0.7768124339438909,0.7378784542744826,0.9961171869384088,1.02504215382658,0.9996168209196944,0.2769798244905408,0.1457636241190745,0.1457636241190745,0.5263166557394313,4.32176595458307,1.1969149394472869,0.6299562681344599,0.6324118049510283,1833958.466161824,76,0.0,0.0299084649311829,0.773800930777141,0.9867128923479216
Bwd Packets/s,Idle Min,1,False,False,False,False,False,False,True,0.0592026466411724,0.6694865147117259,0.7613114025882196,0.731140073716652,0.7932292376976458,0.7549280494710289,0.9782062579671766,0.9500124247981628,1.0611961998764603,0.2734071423080382,0.1446301864687916,0.1446301864687916,0.5168455305917604,4.321879391390578,1.20940239447707,0.6250742222724468,0.6390004328651728,1819745.62347142,76,0.0,0.0538886122640115,0.776609927725466,0.9927738112311428
Flow IAT Mean,Active Mean,1,False,False,False,False,True,False,False,0.0742248376606109,0.6848024195258902,0.760857552916333,0.7482129914235914,0.7731744633142046,0.7986139417144736,0.9871957775181064,1.030556589431863,0.9847725848684886,0.2743085244629927,0.1443557171053781,0.1443557171053781,0.5212482615990616,4.321892087028573,1.1969149394592289,0.6238898314750689,0.6319818679163931,1816297.5689953084,76,0.0,0.037818418821935,0.7724384261487227,0.9813752865343858
Bwd IAT Max,Active Mean,1,False,False,False,False,False,False,True,0.1619620908623883,0.6680888389666374,0.7607801747006984,0.7323720822942364,0.7920307555878959,0.8266756458001027,0.9877454607095428,0.9720084275890192,1.067178466155678,0.3030002358537759,0.1761901874221283,0.1761901874221283,0.5210797733444786,3.539857551043754,1.1969149394592289,0.6236881653660352,0.6314260000931934,1815710.469085825,52,0.0,0.1579120613067886,0.7980807892349816,1.0931943785768297
Flow IAT Mean,Active Max,1,False,False,False,False,True,False,False,0.0697710726238494,0.6876250356505003,0.7590120789317013,0.7423194372068997,0.7725198854696207,0.7938740016452892,0.9796181911110692,1.00573981897762,0.9820564144651364,0.2722029679033906,0.143247661393809,0.143247661393809,0.5172472277346133,4.321892087028573,1.1969149394472869,0.6191009342632516,0.6319818679163931,1802355.9050585404,76,0.0,0.0399083719227194,0.7723744691930662,0.981110558398888
Down/Up Ratio,Fwd Seg Size Min,1,False,False,False,False,False,False,True,0.1423766404510578,0.2833968533898859,0.7532526363035167,0.7439510453937157,0.7711983904032667,0.7821198990462357,0.96763376595365,0.9080071143165284,1.00342682900225,0.2972283077673326,0.2821267557323435,0.2821267557323435,0.3131382087774961,2.142404969208321,1.9302331893233744,0.6044297634275949,0.624647242267223,1759644.4990077063,64,0.0,0.1508763102335168,0.75409845608391,1.2497912600439829
Bwd Packets/s,Active Min,1,False,False,False,False,False,False,True,0.0256860334616138,0.6476607513416528,0.7512070225265789,0.7280768136119153,0.7802705118073321,0.7698837146397035,0.9477135562833304,0.9477682201413044,1.0142854000337267,0.2635045722870979,0.1386703072157661,0.1386703072157661,0.5007175725670568,4.321879391390578,1.1969149392562175,0.5993163429536197,0.6323813128768276,1744758.0676097565,76,0.0,0.0185991073865788,0.7655135581578218,0.952928478356644
Fwd Packet Length Mean,Bwd Packet Length Min,1,False,False,False,True,False,False,False,0.0072313953775572,0.1481293511077213,0.7131307743641563,0.6725652034164684,0.824708660772893,0.9599116672449548,0.47418955576972,0.4260252797935485,0.7345331860547567,0.1605334845394985,0.1254789756984154,0.1254789756984154,0.2053810171381472,4.083949499747377,2.4951176460853897,0.5124498000323569,1.0806855482097903,1491868.0816295615,153,0.0,0.0540305658600103,0.7444226371240497,0.4658418624757576
Flow IAT Max,Idle Std,1,False,False,False,False,False,False,True,0.336339124728912,0.4859371080663063,0.6216486123931125,0.5713624322911539,0.6564781284308363,0.7342927967664871,0.9871969395130102,0.9076065494449916,1.0549309695172764,0.220812931833436,0.0815362810886934,0.0815362810886934,0.597995765981028,4.321635146952657,0.5892517608826818,0.3523700581047089,0.3569399822881693,1025836.369875013,38,0.0,0.2973050460179063,0.6590357350175217,0.978395179295518
Bwd IAT Max,Idle Std,1,False,False,False,False,False,False,True,0.2866051358778532,0.4722897186552363,0.6179610938988106,0.5635275282286194,0.6471491759690694,0.7183546646725055,0.9737655358819644,0.8867658030777569,1.0152706778160905,0.2402735244162687,0.098031008490463,0.098031008490463,0.5889092382542577,3.539857551043754,0.5892517608826818,0.3470158056414001,0.3563648464176739,1010248.817005459,26,0.0,0.2839584995471013,0.6542472838105348,0.9571502681386588
Idle Std,Idle Min,1,False,False,False,False,False,False,True,0.0516285152919691,0.6302085037321854,0.6175967198324929,0.5541249662439365,0.6566367721046389,0.7761011708919865,0.9943110956210022,0.8707094551492964,1.0720753561132523,0.410445607920382,0.2864973737105017,0.5880179454327638,0.2864973737105017,0.5892517608826818,1.20940239447707,0.3464906097768727,0.3484730395776889,1008719.841978358,8,0.0,0.0553937223456252,0.6685101520862119,1.0380772813088734
Fwd IAT Std,Idle Std,1,False,False,False,False,True,False,False,0.3867680882090413,0.5544614789441887,0.6157689371176087,0.6072584895916816,0.640626158960746,0.6842336965194493,0.9624531834268673,1.0739843509233005,0.9886604791161244,0.2893494089406019,0.1434683806613716,0.1434683806613716,0.5835646856005661,2.3968104818211486,0.5892517608826818,0.3438665185790822,0.3572812937817158,1001080.4636411596,18,0.0,0.355651035068617,0.6620745615311211,0.989898320325502
Active Std,Active Max,1,False,False,False,False,False,False,True,0.7827622462966871,0.6691495816644794,0.6149005721520326,0.5583944427193914,0.6743384682777079,0.7661297744417748,0.9997284249482152,0.9011317611027242,1.1721135693092035,0.4115533716982065,0.2862575068135078,0.5916916542786351,0.2862575068135078,0.579061549975275,1.1969149394472869,0.342625886434021,0.3427189603534266,997468.6766951144,8,0.0,0.8002976184799743,0.6975458964971715,1.1751496177660858
Bwd IAT Std,Active Std,1,False,False,False,False,True,False,False,0.1679427981460483,0.5639815299355428,0.6093117171951131,0.5988677824662514,0.6254801087942284,0.6527329124880119,0.9538734675433564,1.0368438807773397,0.9450122024169404,0.2997974258910623,0.155482600983783,0.155482600983783,0.5780614422592623,2.15286567511502,0.579061549975275,0.3347331547355913,0.35091987158179,974490.983081009,16,0.0,0.1224065657253978,0.6487039135630228,0.9434764549561095
Fwd IAT Std,Active Std,1,False,False,False,False,True,False,False,0.1559586113553838,0.5450557242201957,0.6086255774352807,0.5983932675155242,0.6285674087021322,0.6539083185306794,0.9509305953518128,1.0538398965450917,0.9575299967596956,0.2833183010768365,0.1392579973877713,0.1392579973877713,0.5764068220911648,2.3968104818211486,0.579061549975275,0.3337750278164325,0.350998305710152,971701.6387027832,18,0.0,0.134315859222155,0.6590521607498152,0.98395376572895
Active Mean,Active Std,1,False,False,False,False,False,False,True,0.4269604541208348,0.6320341008696256,0.5956251392100373,0.5486931871985321,0.6406697859014968,0.7165065124239239,0.9219488086811536,0.8636903572631178,1.0212036649257492,0.379638926042492,0.2640592932316703,0.2640592932316703,0.5458081493850291,1.1969149394592289,0.579061549975275,0.3160565129720314,0.3428135163210957,920118.660724116,8,0.0,0.423445517276665,0.663773174886558,1.0221661317055697
Down/Up Ratio,Subflow Bwd Packets,1,False,False,False,False,True,False,False,0.0271680226338455,0.0149347903750042,0.0187377865766246,0.0166915369749804,0.020878306399253,0.0422842698305005,0.9937785761369547,1.024811131953132,0.9687349083465994,0.0056405929593185,0.0001182376542138,0.0001182376542138,0.2690876197117149,2.142404969208321,0.0009413771551688,0.0002533129379353,0.0002548987712333,737.4565991551634,8,6.149510535316556e-154,0.0295751453191773,0.0208999929496565,0.9531232687094056
Total Fwd Packet,Subflow Bwd Packets,1,False,False,False,False,False,False,True,0.0001123075426877,0.0138721399485178,0.0167828635014257,0.0151556411970718,0.0215240537002233,0.1264555707610953,0.8186993077207916,0.8766231161172141,1.025718205166125,0.0039362396280296,7.177759051973104e-05,7.177759051973104e-05,0.2158609991932224,2.831059274364596,0.0009413771551688,0.0002032066133324,0.0002482066509841,591.5846984183601,9,1.3396051053001768e-121,0.0001251879278344,0.0209942281687887,0.9418738225816607
FIN Flag Count,URG Flag Count,1,False,False,False,False,True,False,False,0.049009122147869,0.0123965015213929,0.016332214871656,0.0129585876228285,0.023100948102179,0.0791220048384793,0.9273188576282588,1.579078547257906,0.811237517552186,0.0058891635620128,0.0001406017716275,0.0001406017716275,0.2466700601184517,1.3686797723511446,0.0007801465678121,0.0001924388007834,0.0002075217161825,560.2369335254609,12,3.2465087858760167e-112,0.0545865585538714,0.0251370604463065,0.7593768336362162
PSH Flag Count,URG Flag Count,1,False,False,False,False,False,True,False,0.0011886056669458,0.0090881699538145,0.0155633061972118,0.0131735610232474,0.0164117965163174,0.0,1.0017012771244227,0.94357863135611,0.94528871726954,0.0046098717628695,9.487526932624868e-05,9.487526932624868e-05,0.223987956197795,1.8418228111487625,0.0007801465678121,0.0001747434352589,0.0001744466531585,508.7213489412903,24,2.5732156764036628e-92,0.0011557109469636,0.017585990516827,1.0657635137370565
Flow IAT Std,URG Flag Count,1,False,False,False,False,True,False,False,0.0014530815392728,0.0016267581039861,0.0142427485824949,0.0139552461705643,0.0143030901315929,0.0,0.9809434060821708,1.142820453275968,0.8649491619390532,0.0026963124123871,3.875613066378276e-05,3.875613066378276e-05,0.1875858219248588,3.7760331756146313,0.0007801465678121,0.0001463444351448,0.0001491874395989,426.0448373733332,60,1.3382019505720113e-56,0.0016621841254057,0.015104828423175,0.8947076259960165
Bwd URG Flags,FIN Flag Count,1,False,False,False,False,True,False,False,0.0009343757856437,0.0009839301043433,0.0,0.0006139684498478,0.0,0.0995886488112396,0.0,1.0032293848586589,0.0,0.0,0.0,0.0,0.0,1.0687829798558875e-05,1.3686797723511446,0.0,1.5169251047976588e-06,0.0,3,1.0,0.0012510946452085,0.0,0.0
Bwd URG Flags,Bwd Init Win Bytes,1,False,False,False,False,True,False,False,7.77013448625898e-05,0.0009942216420993,0.0,0.0009560327724391,0.0,0.0,,2.926785638277253,,0.0,0.0,0.0,0.0,1.0687829798558875e-05,2.0496098103368645,0.0,0.0,0.0,7,1.0,0.0001205588942365,0.0,
