feature_a,feature_b,ksg_mi_nats,ksg_r_info
Protocol,Flow Duration,0.47320631265933955,0.7822206211015269
Protocol,Total Fwd Packet,0.38400445823359597,0.7321639950147016
Protocol,Total Bwd packets,0.3952194425339277,0.739157863191616
Protocol,Total Length of Fwd Packet,0.6449228342949969,0.8512853403552572
Protocol,Total Length of Bwd Packet,0.578306771603212,0.8279193270698688
Protocol,Fwd Packet Length Max,0.6433378254331874,0.8507717660950305
Protocol,Fwd Packet Length Min,0.6894626462965441,0.8649571829100425
Protocol,Fwd Packet Length Mean,0.584526513661932,0.830264422046206
Protocol,Fwd Packet Length Std,0.34222863065868925,0.70401428032454
Protocol,Bwd Packet Length Max,0.5976623075108405,0.8351013663750834
Protocol,Bwd Packet Length Min,0.6616286286063247,0.8565824016664307
Protocol,Bwd Packet Length Mean,0.5801440377662299,0.8286157817766935
Protocol,Bwd Packet Length Std,0.3331156831341815,0.697394681397233
Protocol,Flow Bytes/s,0.3563317845815952,0.7139072687684461
Protocol,Flow Packets/s,0.3849993783079615,0.7327935288915545
Protocol,Flow IAT Mean,0.3540390003592577,0.7123271397861418
Protocol,Flow IAT Std,0.3149592486025963,0.6836408337013347
Protocol,Flow IAT Max,0.45092554743529156,0.7708321757260791
Protocol,Flow IAT Min,0.24580730841514242,0.6231869419181097
Protocol,Fwd IAT Total,0.36939733824230636,0.7227106344458301
Protocol,Fwd IAT Mean,0.38171061552746366,0.7307057095958717
Protocol,Fwd IAT Std,0.3325477940949755,0.6969760601481311
Protocol,Fwd IAT Max,0.3738493681972681,0.725634312556929
Protocol,Fwd IAT Min,0.14443094720698824,0.5008835639990833
Protocol,Bwd IAT Total,0.3937567439092806,0.7382582948665602
Protocol,Bwd IAT Mean,0.4137882960462935,0.7502617589327025
Protocol,Bwd IAT Std,0.31795612160399767,0.6859648105380265
Protocol,Bwd IAT Max,0.4170634475126329,0.752161242804223
Protocol,Bwd IAT Min,0.138534473517117,0.4919326851278712
Protocol,Fwd PSH Flags,0.34924879035971834,0.7089908716837987
Protocol,Bwd PSH Flags,0.34427432616977516,0.705475329945335
Protocol,Fwd URG Flags,0.004939181322394681,0.09914500432708398
Protocol,Bwd URG Flags,0.0,0.0
Protocol,Fwd Header Length,0.6638158147360276,0.8572605299517359
Protocol,Bwd Header Length,0.6733316695533951,0.8601705050787992
Protocol,Fwd Packets/s,0.39618376484051154,0.7397488930708536
Protocol,Bwd Packets/s,0.3940485199719248,0.73843803662509
Protocol,Packet Length Min,0.6934843176683776,0.8661226886164985
Protocol,Packet Length Max,0.6501129439852731,0.85295355188142
Protocol,Packet Length Mean,0.6038459293915253,0.8373252917485633
Protocol,Packet Length Std,0.5781561768214676,0.827862101327341
Protocol,Packet Length Variance,0.5847171437273211,0.8303357336579814
Protocol,FIN Flag Count,0.34028364475059725,0.7026167693925636
Protocol,SYN Flag Count,0.5742884570117894,0.8263850848729366
Protocol,RST Flag Count,0.2460801887197146,0.6234546346375077
Protocol,PSH Flag Count,0.3496658865887339,0.7092832675982339
Protocol,ACK Flag Count,0.60853104638616,0.8389881994856604
Protocol,URG Flag Count,0.0,0.0
Protocol,CWR Flag Count,6.38337464931027e-05,0.011298643451256724
Protocol,ECE Flag Count,0.00022991952882112088,0.021441393328478706
Protocol,Down/Up Ratio,0.29362051278812107,0.6664392161104782
Protocol,Fwd Bytes/Bulk Avg,0.020468374206890516,0.2002752041995407
Protocol,Fwd Packet/Bulk Avg,0.010660572669027424,0.1452427504070575
Protocol,Fwd Bulk Rate Avg,0.02408064798365217,0.21684081064405114
Protocol,Bwd Bytes/Bulk Avg,0.09925372654065256,0.4243186779575697
Protocol,Bwd Packet/Bulk Avg,0.09354564718254643,0.4130762444118865
Protocol,Bwd Bulk Rate Avg,0.09883623222189009,0.4235108057142819
Protocol,Subflow Fwd Packets,0.0033461046886458234,0.0816692501077658
Protocol,Subflow Fwd Bytes,0.3021494279835961,0.6734556869440679
Protocol,Subflow Bwd Packets,0.0,0.0
Protocol,Subflow Bwd Bytes,0.45155357254536366,0.7711625319151463
Protocol,FWD Init Win Bytes,0.6607275139506852,0.856301993873744
Protocol,Bwd Init Win Bytes,0.3708455233113481,0.7236658238110454
Protocol,Fwd Act Data Pkts,0.13536531658974038,0.48700929389939746
Protocol,Fwd Seg Size Min,0.7012071919245466,0.8683304080969745
Protocol,Active Mean,0.12193342847911026,0.46519677864914
Protocol,Active Std,0.06771482551351937,0.35589240033798125
Protocol,Active Max,0.12854416242489375,0.47613032968854263
Protocol,Active Min,0.1192782239740291,0.4606905476257047
Protocol,Idle Mean,0.14044818561991246,0.494867070853633
Protocol,Idle Std,0.07576799260252542,0.37498405766025916
Protocol,Idle Max,0.14462254120673013,0.5011699729865354
Protocol,Idle Min,0.1316579631421968,0.4811454354977445
Flow Duration,Total Fwd Packet,0.9271840261668842,0.9183943357872528
Flow Duration,Total Bwd packets,0.9228054264499308,0.9176443645873861
Flow Duration,Total Length of Fwd Packet,1.1802844016566096,0.9516477647050691
Flow Duration,Total Length of Bwd Packet,1.0504050586828706,0.9368258833174219
Flow Duration,Fwd Packet Length Max,1.0587208957406604,0.937902400279201
Flow Duration,Fwd Packet Length Min,0.5913121720385393,0.832782450174889
Flow Duration,Fwd Packet Length Mean,0.9566991192367968,0.9232670100361889
Flow Duration,Fwd Packet Length Std,0.6980103863572067,0.8674213599859031
Flow Duration,Bwd Packet Length Max,1.1229465537135228,0.9456040514221566
Flow Duration,Bwd Packet Length Min,0.6343941116296934,0.8478371699353783
Flow Duration,Bwd Packet Length Mean,1.0379850092508693,0.9351819638515831
Flow Duration,Bwd Packet Length Std,0.7479660791568503,0.8808861067550192
Flow Duration,Flow Bytes/s,1.66853737668335,0.9820688512884203
Flow Duration,Flow Packets/s,4.239585586650414,0.9998961191939856
Flow Duration,Flow IAT Mean,5.250587441810319,0.9999862478473271
Flow Duration,Flow IAT Std,3.0769222728354197,0.9989367871648607
Flow Duration,Flow IAT Max,4.699859352890943,0.9999586254747588
Flow Duration,Flow IAT Min,1.541790241251288,0.9768341749862157
Flow Duration,Fwd IAT Total,4.092689183277447,0.9998606408111053
Flow Duration,Fwd IAT Mean,2.3710158008268585,0.9956299961535949
Flow Duration,Fwd IAT Std,1.4179249599428152,0.9702223245250683
Flow Duration,Fwd IAT Max,1.990884946526073,0.9906298011851763
Flow Duration,Fwd IAT Min,0.5632946020092584,0.8221089112145141
Flow Duration,Bwd IAT Total,2.742797844831832,0.9979248145147424
Flow Duration,Bwd IAT Mean,1.7742483447957205,0.9855111089286122
Flow Duration,Bwd IAT Std,1.1382686708414655,0.9472914040162338
Flow Duration,Bwd IAT Max,1.74359793128603,0.9845879743132908
Flow Duration,Bwd IAT Min,0.6020552951175011,0.8366847273167517
Flow Duration,Fwd PSH Flags,0.6435291198439548,0.8508338521628878
Flow Duration,Bwd PSH Flags,0.5659768360534314,0.8231629416825134
Flow Duration,Fwd URG Flags,0.0,0.0
Flow Duration,Bwd URG Flags,0.0,0.0
Flow Duration,Fwd Header Length,1.3150790002959196,0.9632927516084006
Flow Duration,Bwd Header Length,1.27074932016651,0.9598185787206206
Flow Duration,Fwd Packets/s,4.170194130374484,0.9998806530506513
Flow Duration,Bwd Packets/s,4.495153904525778,0.999937692193511
Flow Duration,Packet Length Min,0.5872943948130018,0.8312965804275586
Flow Duration,Packet Length Max,1.165484985050088,0.9501571349628707
Flow Duration,Packet Length Mean,1.061036053468782,0.9381987168777576
Flow Duration,Packet Length Std,1.188081356901792,0.9524146141103329
Flow Duration,Packet Length Variance,1.1159928715226357,0.9448200261610891
Flow Duration,FIN Flag Count,0.5175933277737257,0.8030192512399305
Flow Duration,SYN Flag Count,0.6946738787362123,0.8664653396816946
Flow Duration,RST Flag Count,0.3572035883382947,0.7145052818086541
Flow Duration,PSH Flag Count,0.6397580294782044,0.8496046806145755
Flow Duration,ACK Flag Count,0.9943649844942564,0.9290483608698401
Flow Duration,URG Flag Count,0.0,0.0
Flow Duration,CWR Flag Count,0.0,0.0
Flow Duration,ECE Flag Count,0.0,0.0
Flow Duration,Down/Up Ratio,0.6503607211491036,0.8530326793403668
Flow Duration,Fwd Bytes/Bulk Avg,0.0743293857500662,0.37166765126859375
Flow Duration,Fwd Packet/Bulk Avg,0.05814789233999185,0.33134291403637883
Flow Duration,Fwd Bulk Rate Avg,0.05977314035988712,0.3356740369400396
Flow Duration,Bwd Bytes/Bulk Avg,0.2262049540855633,0.6032467352539139
Flow Duration,Bwd Packet/Bulk Avg,0.1656789630873805,0.5310855386740656
Flow Duration,Bwd Bulk Rate Avg,0.17860376246301168,0.5480626856791543
Flow Duration,Subflow Fwd Packets,0.08479773655682266,0.39496054140055925
Flow Duration,Subflow Fwd Bytes,0.7572596829163105,0.8832248538370091
Flow Duration,Subflow Bwd Packets,0.0,0.0
Flow Duration,Subflow Bwd Bytes,0.9202891730173555,0.9172101170211089
Flow Duration,FWD Init Win Bytes,0.7554787971270316,0.8827805293008798
Flow Duration,Bwd Init Win Bytes,0.8019101643824675,0.8937971367284908
Flow Duration,Fwd Act Data Pkts,0.6963561620240037,0.8669482988899946
Flow Duration,Fwd Seg Size Min,0.774069006116644,0.8873310852676789
Flow Duration,Active Mean,0.6020612657630586,0.8366868678289907
Flow Duration,Active Std,0.31715705809681705,0.6853472935917592
Flow Duration,Active Max,0.5909030277828768,0.8326318051996249
Flow Duration,Active Min,0.6021269936997631,0.8367104296371597
Flow Duration,Idle Mean,1.0070564867595815,0.9308927357332885
Flow Duration,Idle Std,0.3609004647335574,0.717024101157969
Flow Duration,Idle Max,0.9698449434848637,0.9253385752492134
Flow Duration,Idle Min,0.9205991894333079,0.9172637479732415
Total Fwd Packet,Total Bwd packets,1.4747661817303985,0.9734658763247926
Total Fwd Packet,Total Length of Fwd Packet,1.2652973309382194,0.9593687173421651
Total Fwd Packet,Total Length of Bwd Packet,1.124312491435595,0.9457567076239161
Total Fwd Packet,Fwd Packet Length Max,0.9583258315392582,0.9235265700647988
Total Fwd Packet,Fwd Packet Length Min,0.5081596781215758,0.7987962148116348
Total Fwd Packet,Fwd Packet Length Mean,1.1018859385037096,0.9431935062921765
Total Fwd Packet,Fwd Packet Length Std,1.0790218527131108,0.9404515129605222
Total Fwd Packet,Bwd Packet Length Max,0.909752010951733,0.9153654286188566
Total Fwd Packet,Bwd Packet Length Min,0.4306646197830366,0.7598684279483292
Total Fwd Packet,Bwd Packet Length Mean,0.9161011452313703,0.9164820351600268
Total Fwd Packet,Bwd Packet Length Std,0.9290539041887005,0.9187124296126603
Total Fwd Packet,Flow Bytes/s,0.6968767633080848,0.8670973726985343
Total Fwd Packet,Flow Packets/s,0.9780881451972272,0.9266077629395837
Total Fwd Packet,Flow IAT Mean,0.9991235198636348,0.929745810064759
Total Fwd Packet,Flow IAT Std,1.1606995595703404,0.9496651066076732
Total Fwd Packet,Flow IAT Max,0.8890530571400355,0.9116151428785746
Total Fwd Packet,Flow IAT Min,0.49450355490576836,0.7924987008889335
Total Fwd Packet,Fwd IAT Total,1.3037691308582522,0.962436600736418
Total Fwd Packet,Fwd IAT Mean,1.508618352261231,0.9752249704360707
Total Fwd Packet,Fwd IAT Std,1.0861479778928222,0.941320471009102
Total Fwd Packet,Fwd IAT Max,1.281054302241606,0.9606550332679445
Total Fwd Packet,Fwd IAT Min,0.6988116105627356,0.8676498328986756
Total Fwd Packet,Bwd IAT Total,1.1369900403718756,0.947152676992284
Total Fwd Packet,Bwd IAT Mean,1.1688841945269992,0.9505036327753175
Total Fwd Packet,Bwd IAT Std,0.8266988884260433,0.899222734794015
Total Fwd Packet,Bwd IAT Max,1.130353519544375,0.9464265787901385
Total Fwd Packet,Bwd IAT Min,0.7049388774595018,0.8693830396935768
Total Fwd Packet,Fwd PSH Flags,0.813226675056578,0.8963114963788658
Total Fwd Packet,Bwd PSH Flags,0.7943144681922902,0.8920732041264334
Total Fwd Packet,Fwd URG Flags,0.004017166133164274,0.08945469960933519
Total Fwd Packet,Bwd URG Flags,0.0,0.0
Total Fwd Packet,Fwd Header Length,2.224809253977104,0.9941413264215828
Total Fwd Packet,Bwd Header Length,1.5720827816853227,0.9782111859596802
Total Fwd Packet,Fwd Packets/s,1.132803763719405,0.9466958465614743
Total Fwd Packet,Bwd Packets/s,0.8988016674968158,0.9134026880841019
Total Fwd Packet,Packet Length Min,0.5042357529117227,0.7970093400713485
Total Fwd Packet,Packet Length Max,0.9583187800068753,0.9235254468929869
Total Fwd Packet,Packet Length Mean,1.0452128643719023,0.9361439580236881
Total Fwd Packet,Packet Length Std,1.388806760113944,0.9684075909324353
Total Fwd Packet,Packet Length Variance,1.3893342023534574,0.9684414424280593
Total Fwd Packet,FIN Flag Count,0.5481358064454334,0.816018092671689
Total Fwd Packet,SYN Flag Count,0.5898882433614547,0.832257515943778
Total Fwd Packet,RST Flag Count,0.2624183907518267,0.6390211850761123
Total Fwd Packet,PSH Flag Count,0.8480469226517338,0.9036600524139032
Total Fwd Packet,ACK Flag Count,1.3906053948181816,0.9685228767294005
Total Fwd Packet,URG Flag Count,0.0015579956276852158,0.05577760834864452
Total Fwd Packet,CWR Flag Count,0.000552736616590721,0.03323947085538166
Total Fwd Packet,ECE Flag Count,0.0024526389065693266,0.06995188764730843
Total Fwd Packet,Down/Up Ratio,1.2888863507308725,0.9612788547331469
Total Fwd Packet,Fwd Bytes/Bulk Avg,0.1285881728445748,0.4762018000394945
Total Fwd Packet,Fwd Packet/Bulk Avg,0.10738682360969332,0.43963163701176045
Total Fwd Packet,Fwd Bulk Rate Avg,0.11077071092983282,0.4457771519047522
Total Fwd Packet,Bwd Bytes/Bulk Avg,0.3008700685275514,0.6724154526258578
Total Fwd Packet,Bwd Packet/Bulk Avg,0.23406158011302924,0.6114111555398198
Total Fwd Packet,Bwd Bulk Rate Avg,0.2625876011877697,0.6391778066075677
Total Fwd Packet,Subflow Fwd Packets,0.025636644408331577,0.22356429616007537
Total Fwd Packet,Subflow Fwd Bytes,0.5883018092179588,0.8316705184477298
Total Fwd Packet,Subflow Bwd Packets,0.008060123595820201,0.1264555707610953
Total Fwd Packet,Subflow Bwd Bytes,0.8223429473514887,0.8982910449377528
Total Fwd Packet,FWD Init Win Bytes,0.5839291211315727,0.8300407312789887
Total Fwd Packet,Bwd Init Win Bytes,0.8142550740688188,0.8965368382145698
Total Fwd Packet,Fwd Act Data Pkts,0.9639933184425802,0.9244237508314072
Total Fwd Packet,Fwd Seg Size Min,0.6453941288711951,0.8514376757807647
Total Fwd Packet,Active Mean,0.29040333165951004,0.6637417425427795
Total Fwd Packet,Active Std,0.2206778101760083,0.5973575615065608
Total Fwd Packet,Active Max,0.31674047757180634,0.6850247471315417
Total Fwd Packet,Active Min,0.3005565051794141,0.6721598449300019
Total Fwd Packet,Idle Mean,0.3428187904539399,0.7044367014107513
Total Fwd Packet,Idle Std,0.2113253670336448,0.5871052122731594
Total Fwd Packet,Idle Max,0.3444742677154773,0.7056176472465582
Total Fwd Packet,Idle Min,0.3016146728584115,0.6730214021868531
Total Bwd packets,Total Length of Fwd Packet,1.1997752011163065,0.95354142592295
Total Bwd packets,Total Length of Bwd Packet,1.2142118723865671,0.9548949101735363
Total Bwd packets,Fwd Packet Length Max,0.9872635624238972,0.9279941031405751
Total Bwd packets,Fwd Packet Length Min,0.5238803111683552,0.8057777174993973
Total Bwd packets,Fwd Packet Length Mean,0.8964981993653778,0.9129837680941834
Total Bwd packets,Fwd Packet Length Std,0.8746343419014844,0.908899843970486
Total Bwd packets,Bwd Packet Length Max,0.9963260186444112,0.929336653551635
Total Bwd packets,Bwd Packet Length Min,0.44396845887284986,0.7671350312112266
Total Bwd packets,Bwd Packet Length Mean,1.1915235848102856,0.952749185544982
Total Bwd packets,Bwd Packet Length Std,1.1341921373055293,0.9468478023843813
Total Bwd packets,Flow Bytes/s,0.7238033870359031,0.8745671271665335
Total Bwd packets,Flow Packets/s,0.964687928492725,0.9245329523628503
Total Bwd packets,Flow IAT Mean,0.9826729689316132,0.9273039362725944
Total Bwd packets,Flow IAT Std,1.1545067067415697,0.9490209535642045
Total Bwd packets,Flow IAT Max,0.8733832536126762,0.9086601401703708
Total Bwd packets,Flow IAT Min,0.482254399931346,0.7866572413012933
Total Bwd packets,Fwd IAT Total,1.1734672978255567,0.9509668996362396
Total Bwd packets,Fwd IAT Mean,1.1978126179178288,0.9533542403989221
Total Bwd packets,Fwd IAT Std,0.8327653294559827,0.9005052532292686
Total Bwd packets,Fwd IAT Max,1.1633374328177153,0.9499369415942889
Total Bwd packets,Fwd IAT Min,0.637835786144815,0.8489738670152515
Total Bwd packets,Bwd IAT Total,1.222906190809117,0.9556904787669346
Total Bwd packets,Bwd IAT Mean,1.4438823267998382,0.9717506966024364
Total Bwd packets,Bwd IAT Std,1.0160469766627598,0.9321690842192286
Total Bwd packets,Bwd IAT Max,1.2175942792355094,0.955206139371
Total Bwd packets,Bwd IAT Min,0.8040694668915114,0.8942818545973894
Total Bwd packets,Fwd PSH Flags,0.7857550285564052,0.8900947930809849
Total Bwd packets,Bwd PSH Flags,0.8230756196344409,0.89844839194703
Total Bwd packets,Fwd URG Flags,0.004504787174817615,0.09470538394823215
Total Bwd packets,Bwd URG Flags,0.0010306111372822002,0.04537730065511001
Total Bwd packets,Fwd Header Length,1.5205496237858878,0.9758164089632746
Total Bwd packets,Bwd Header Length,2.26085113587059,0.9945498965064316
Total Bwd packets,Fwd Packets/s,0.918560261401983,0.9169103575024852
Total Bwd packets,Bwd Packets/s,1.1366889891088894,0.9471199593715363
Total Bwd packets,Packet Length Min,0.5185844412301588,0.8034570482883684
Total Bwd packets,Packet Length Max,1.0291061889783908,0.9339796501060496
Total Bwd packets,Packet Length Mean,1.0365414924439333,0.93498804702722
Total Bwd packets,Packet Length Std,1.385993544862675,0.968226412908818
Total Bwd packets,Packet Length Variance,1.3789479040128514,0.9677680059781565
Total Bwd packets,FIN Flag Count,0.5292942180936624,0.8081180605976945
Total Bwd packets,SYN Flag Count,0.6052906993553036,0.83784010508847
Total Bwd packets,RST Flag Count,0.26022687020704005,0.6369844180500986
Total Bwd packets,PSH Flag Count,0.8426121480988691,0.9025503630604862
Total Bwd packets,ACK Flag Count,1.404729052444626,0.9694134174723403
Total Bwd packets,URG Flag Count,0.003142972456781301,0.07915952054592822
Total Bwd packets,CWR Flag Count,0.0,0.0
Total Bwd packets,ECE Flag Count,6.694696983178261e-05,0.011570867567736367
Total Bwd packets,Down/Up Ratio,1.2847734647816171,0.9609525330246937
Total Bwd packets,Fwd Bytes/Bulk Avg,0.06253940788638168,0.34288868361293634
Total Bwd packets,Fwd Packet/Bulk Avg,0.04461598520386012,0.2921756644796253
Total Bwd packets,Fwd Bulk Rate Avg,0.05745928800375921,0.32948637991284146
Total Bwd packets,Bwd Bytes/Bulk Avg,0.35977706431056866,0.7162615910055626
Total Bwd packets,Bwd Packet/Bulk Avg,0.3063634313242227,0.6768520930244567
Total Bwd packets,Bwd Bulk Rate Avg,0.3204371793045091,0.68787238433288
Total Bwd packets,Subflow Fwd Packets,0.1165752651255767,0.4560325214035353
Total Bwd packets,Subflow Fwd Bytes,0.5922733982789179,0.8331357775755699
Total Bwd packets,Subflow Bwd Packets,0.0006093112399465639,0.03489814122620719
Total Bwd packets,Subflow Bwd Bytes,0.8737826261363173,0.9087367304955417
Total Bwd packets,FWD Init Win Bytes,0.556557730716082,0.8194303932923087
Total Bwd packets,Bwd Init Win Bytes,0.7903554135716133,0.8911628708945518
Total Bwd packets,Fwd Act Data Pkts,0.866631913824933,0.9073550972735908
Total Bwd packets,Fwd Seg Size Min,0.6435079257027994,0.8508269748350091
Total Bwd packets,Active Mean,0.2685606570523458,0.644648572141609
Total Bwd packets,Active Std,0.22624264596413468,0.6032864766392422
Total Bwd packets,Active Max,0.28887820792697383,0.6624530504947196
Total Bwd packets,Active Min,0.28675604234364194,0.660649113228241
Total Bwd packets,Idle Mean,0.32260797123813933,0.6895293631093828
Total Bwd packets,Idle Std,0.21397635703507145,0.5900489496335914
Total Bwd packets,Idle Max,0.32705133827741406,0.6928864414062429
Total Bwd packets,Idle Min,0.279741321640123,0.6545955551683063
Total Length of Fwd Packet,Total Length of Bwd Packet,2.187825496728479,0.9936901176367811
Total Length of Fwd Packet,Fwd Packet Length Max,3.7053454528986576,0.9996975779089394
Total Length of Fwd Packet,Fwd Packet Length Min,2.2201162207595893,0.9940859133030108
Total Length of Fwd Packet,Fwd Packet Length Mean,3.6322792954825465,0.9996499836702163
Total Length of Fwd Packet,Fwd Packet Length Std,1.6959031030430731,0.9830321220416074
Total Length of Fwd Packet,Bwd Packet Length Max,2.093258779903098,0.9923713403492515
Total Length of Fwd Packet,Bwd Packet Length Min,1.3445299459044113,0.9654300674802941
Total Length of Fwd Packet,Bwd Packet Length Mean,1.9907696432758337,0.9906276298842353
Total Length of Fwd Packet,Bwd Packet Length Std,1.1352433408221412,0.9469625588297305
Total Length of Fwd Packet,Flow Bytes/s,1.2773826263504446,0.9603590618879091
Total Length of Fwd Packet,Flow Packets/s,1.1246924186239289,0.9457990895608478
Total Length of Fwd Packet,Flow IAT Mean,1.1190001645682086,0.9451605158185978
Total Length of Fwd Packet,Flow IAT Std,1.1474463042928935,0.9482762177984418
Total Length of Fwd Packet,Flow IAT Max,1.1735159918605644,0.9509717977329168
Total Length of Fwd Packet,Flow IAT Min,0.6212390335851934,0.843405008164401
Total Length of Fwd Packet,Fwd IAT Total,1.2387550181010605,0.9571039635230463
Total Length of Fwd Packet,Fwd IAT Mean,1.2134883155415537,0.9548280456851338
Total Length of Fwd Packet,Fwd IAT Std,0.9551322614629152,0.9230161314307277
Total Length of Fwd Packet,Fwd IAT Max,1.2461950960256312,0.9577515165863314
Total Length of Fwd Packet,Fwd IAT Min,0.5831047686171162,0.8297315180013891
Total Length of Fwd Packet,Bwd IAT Total,1.1901291571432644,0.9526139441235062
Total Length of Fwd Packet,Bwd IAT Mean,1.16269942612083,0.9498713330328976
Total Length of Fwd Packet,Bwd IAT Std,0.8705858655591792,0.9081217658743007
Total Length of Fwd Packet,Bwd IAT Max,1.2116315199680185,0.9546559927275947
Total Length of Fwd Packet,Bwd IAT Min,0.6861777625165777,0.8639970435995206
Total Length of Fwd Packet,Fwd PSH Flags,0.9552562933687607,0.9230360220470348
Total Length of Fwd Packet,Bwd PSH Flags,0.8485092853802763,0.9037538410485126
Total Length of Fwd Packet,Fwd URG Flags,0.0011359412857472329,0.04763721024098515
Total Length of Fwd Packet,Bwd URG Flags,0.0,0.0
Total Length of Fwd Packet,Fwd Header Length,1.6866150280005199,0.9827111803098392
Total Length of Fwd Packet,Bwd Header Length,1.5989371219837487,0.9793625750233779
Total Length of Fwd Packet,Fwd Packets/s,1.1282181586570559,0.9461907734831797
Total Length of Fwd Packet,Bwd Packets/s,1.0917629988055397,0.9419959403565992
Total Length of Fwd Packet,Packet Length Min,2.206031942812218,0.9939164364761555
Total Length of Fwd Packet,Packet Length Max,2.2232883656196067,0.9941234257619921
Total Length of Fwd Packet,Packet Length Mean,2.466046952809668,0.9963877821929654
Total Length of Fwd Packet,Packet Length Std,2.085668220271911,0.9922541897667776
Total Length of Fwd Packet,Packet Length Variance,2.0854232374226385,0.992250378831485
Total Length of Fwd Packet,FIN Flag Count,0.5746120692491283,0.8265092068545838
Total Length of Fwd Packet,SYN Flag Count,0.7978606339419199,0.8928817223663081
Total Length of Fwd Packet,RST Flag Count,0.39753419867607187,0.7405738659862939
Total Length of Fwd Packet,PSH Flag Count,0.9653219209620714,0.9246324804666511
Total Length of Fwd Packet,ACK Flag Count,1.1904367431290108,0.9526438100625665
Total Length of Fwd Packet,URG Flag Count,0.0,0.0
Total Length of Fwd Packet,CWR Flag Count,0.0011439409223581443,0.04780446253078144
Total Length of Fwd Packet,ECE Flag Count,0.0,0.0
Total Length of Fwd Packet,Down/Up Ratio,0.7921906436710051,0.8915858701514546
Total Length of Fwd Packet,Fwd Bytes/Bulk Avg,0.24388911133784896,0.6212978136225299
Total Length of Fwd Packet,Fwd Packet/Bulk Avg,0.13271759935231175,0.48283316416407124
Total Length of Fwd Packet,Fwd Bulk Rate Avg,0.15250788120501202,0.5127262860022566
Total Length of Fwd Packet,Bwd Bytes/Bulk Avg,0.2827860847109642,0.6572404115105503
Total Length of Fwd Packet,Bwd Packet/Bulk Avg,0.2186994635919257,0.5952194660453471
Total Length of Fwd Packet,Bwd Bulk Rate Avg,0.24654016343268115,0.6239052747907065
Total Length of Fwd Packet,Subflow Fwd Packets,0.050979214839525167,0.31134050221993864
Total Length of Fwd Packet,Subflow Fwd Bytes,2.4706653119076707,0.9964210532579364
Total Length of Fwd Packet,Subflow Bwd Packets,0.0003823998684189256,0.027649726075721984
Total Length of Fwd Packet,Subflow Bwd Bytes,1.6837714598976428,0.9826117039120731
Total Length of Fwd Packet,FWD Init Win Bytes,0.9186989615457994,0.916934447279878
Total Length of Fwd Packet,Bwd Init Win Bytes,1.1254793194054153,0.9458867621499802
Total Length of Fwd Packet,Fwd Act Data Pkts,1.1173140171359166,0.9449698753605024
Total Length of Fwd Packet,Fwd Seg Size Min,0.8971155697387534,0.9130962543444897
Total Length of Fwd Packet,Active Mean,0.33081404888839394,0.6956935139693273
Total Length of Fwd Packet,Active Std,0.2041392721828612,0.5789700523370509
Total Length of Fwd Packet,Active Max,0.3593887930763833,0.7159974633461054
Total Length of Fwd Packet,Active Min,0.3378814534221233,0.7008793549369556
Total Length of Fwd Packet,Idle Mean,0.3785870231275794,0.7287043983287016
Total Length of Fwd Packet,Idle Std,0.17324710373944896,0.5411442362887012
Total Length of Fwd Packet,Idle Max,0.3893860443747732,0.7355479325443167
Total Length of Fwd Packet,Idle Min,0.34604418684729055,0.7067321389326939
Total Length of Bwd Packet,Fwd Packet Length Max,2.0308663018927913,0.9913530353639738
Total Length of Bwd Packet,Fwd Packet Length Min,1.314844027534217,0.9632751682374742
Total Length of Bwd Packet,Fwd Packet Length Mean,1.881830803680713,0.988332615895961
Total Length of Bwd Packet,Fwd Packet Length Std,0.9966603124494382,0.9293856766605634
Total Length of Bwd Packet,Bwd Packet Length Max,3.7524484547435657,0.9997247708311313
Total Length of Bwd Packet,Bwd Packet Length Min,2.6737572938487855,0.9976171776840091
Total Length of Bwd Packet,Bwd Packet Length Mean,3.858562638377739,0.9997774060179113
Total Length of Bwd Packet,Bwd Packet Length Std,1.3292432686862217,0.9643369919715936
Total Length of Bwd Packet,Flow Bytes/s,1.3194814963497752,0.9636206151294496
Total Length of Bwd Packet,Flow Packets/s,1.0012054479813752,0.9300487100440167
Total Length of Bwd Packet,Flow IAT Mean,0.9347465021201398,0.9196728648438924
Total Length of Bwd Packet,Flow IAT Std,0.9338478242316359,0.9195220353924785
Total Length of Bwd Packet,Flow IAT Max,1.0199522638906773,0.9327158594124139
Total Length of Bwd Packet,Flow IAT Min,0.5569660602602395,0.8195940214915357
Total Length of Bwd Packet,Fwd IAT Total,0.9366707475697478,0.9199948272509475
Total Length of Bwd Packet,Fwd IAT Mean,0.9453674892882598,0.9214332232520324
Total Length of Bwd Packet,Fwd IAT Std,0.6927986396681822,0.8659247477694731
Total Length of Bwd Packet,Fwd IAT Max,0.9643277063309981,0.924476341406271
Total Length of Bwd Packet,Fwd IAT Min,0.510807138303055,0.7999916813446565
Total Length of Bwd Packet,Bwd IAT Total,0.9907903437435852,0.9285197007106017
Total Length of Bwd Packet,Bwd IAT Mean,1.0228029651776476,0.9331120949065203
Total Length of Bwd Packet,Bwd IAT Std,0.7350503447839429,0.8775520866282113
Total Length of Bwd Packet,Bwd IAT Max,1.0254367006502045,0.9334760224865323
Total Length of Bwd Packet,Bwd IAT Min,0.6650520595325862,0.8576422764718761
Total Length of Bwd Packet,Fwd PSH Flags,0.8478467733773107,0.9036194229185566
Total Length of Bwd Packet,Bwd PSH Flags,0.919788099795515,0.9171233574272246
Total Length of Bwd Packet,Fwd URG Flags,0.002243848679991167,0.06691519029769118
Total Length of Bwd Packet,Bwd URG Flags,0.0009373360446329748,0.04327719941362771
Total Length of Bwd Packet,Fwd Header Length,1.4844964654665702,0.9739840849145736
Total Length of Bwd Packet,Bwd Header Length,1.553593227956231,0.9773808782703883
Total Length of Bwd Packet,Fwd Packets/s,1.007072715426534,0.9308950619890696
Total Length of Bwd Packet,Bwd Packets/s,1.0113617706948332,0.9315070241378761
Total Length of Bwd Packet,Packet Length Min,1.3120374805851598,0.9630644850553285
Total Length of Bwd Packet,Packet Length Max,3.62903591875872,0.9996477054192674
Total Length of Bwd Packet,Packet Length Mean,2.7572848709214846,0.9979841382009865
Total Length of Bwd Packet,Packet Length Std,2.7184433931179104,0.997821119208759
Total Length of Bwd Packet,Packet Length Variance,2.665046652570884,0.9975752512684469
Total Length of Bwd Packet,FIN Flag Count,0.5407143460788482,0.8129509858532153
Total Length of Bwd Packet,SYN Flag Count,0.7252281354944023,0.8749495500372635
Total Length of Bwd Packet,RST Flag Count,0.4117734350265616,0.7490845961798687
Total Length of Bwd Packet,PSH Flag Count,0.9312567774110447,0.9190855074300444
Total Length of Bwd Packet,ACK Flag Count,1.2377021845582017,0.9570115128757289
Total Length of Bwd Packet,URG Flag Count,0.0,0.0
Total Length of Bwd Packet,CWR Flag Count,0.0003690093128208005,0.027161486647082123
Total Length of Bwd Packet,ECE Flag Count,3.2104904101437626e-05,0.008012973655096681
Total Length of Bwd Packet,Down/Up Ratio,0.7353519174524372,0.8776310656864736
Total Length of Bwd Packet,Fwd Bytes/Bulk Avg,0.07866361478416506,0.3815436801560387
Total Length of Bwd Packet,Fwd Packet/Bulk Avg,0.04899543463775835,0.30552056861517846
Total Length of Bwd Packet,Fwd Bulk Rate Avg,0.04780008153483495,0.3019481310427968
Total Length of Bwd Packet,Bwd Bytes/Bulk Avg,0.524348191844501,0.8059812459711481
Total Length of Bwd Packet,Bwd Packet/Bulk Avg,0.3579934802247311,0.7150457770588997
Total Length of Bwd Packet,Bwd Bulk Rate Avg,0.3627510630419879,0.7182747120687984
Total Length of Bwd Packet,Subflow Fwd Packets,0.05384115209499285,0.3195108538678618
Total Length of Bwd Packet,Subflow Fwd Bytes,1.3773209018977264,0.9676611967732602
Total Length of Bwd Packet,Subflow Bwd Packets,0.0,0.0
Total Length of Bwd Packet,Subflow Bwd Bytes,3.2877258224883006,0.9993026688128444
Total Length of Bwd Packet,FWD Init Win Bytes,0.7752592151996871,0.8876159267707348
Total Length of Bwd Packet,Bwd Init Win Bytes,0.9880083714580294,0.9281054361651042
Total Length of Bwd Packet,Fwd Act Data Pkts,0.8509456315568378,0.9042464553679399
Total Length of Bwd Packet,Fwd Seg Size Min,0.7979409367600878,0.8928999564776983
Total Length of Bwd Packet,Active Mean,0.2516196979975911,0.6288330098998163
Total Length of Bwd Packet,Active Std,0.1594160558864992,0.5224963220940808
Total Length of Bwd Packet,Active Max,0.2630857298940459,0.6396383456394523
Total Length of Bwd Packet,Active Min,0.2748812191504886,0.6503177009437587
Total Length of Bwd Packet,Idle Mean,0.2741808391616791,0.6496954559798918
Total Length of Bwd Packet,Idle Std,0.15377377742386633,0.5145406668919489
Total Length of Bwd Packet,Idle Max,0.2926053412914795,0.6655910894283905
Total Length of Bwd Packet,Idle Min,0.25857582306109705,0.635439716355462
Fwd Packet Length Max,Fwd Packet Length Min,2.2773598834763575,0.9947273761410977
Fwd Packet Length Max,Fwd Packet Length Mean,3.4153284118045626,0.9994597798723204
Fwd Packet Length Max,Fwd Packet Length Std,1.7217139698122725,0.9838928002075391
Fwd Packet Length Max,Bwd Packet Length Max,2.1368123265984567,0.9930099718660582
Fwd Packet Length Max,Bwd Packet Length Min,1.3635142755371241,0.9667402062245615
Fwd Packet Length Max,Bwd Packet Length Mean,1.9621402434442885,0.9900725495087274
Fwd Packet Length Max,Bwd Packet Length Std,1.085812149536359,0.9412798155425627
Fwd Packet Length Max,Flow Bytes/s,1.1445982243959234,0.9479726434111845
Fwd Packet Length Max,Flow Packets/s,0.9656938802580601,0.9246908092713471
Fwd Packet Length Max,Flow IAT Mean,0.9446644170827572,0.9213179488608679
Fwd Packet Length Max,Flow IAT Std,0.967809388948977,0.9250216592483738
Fwd Packet Length Max,Flow IAT Max,1.075605444094177,0.940030215553883
Fwd Packet Length Max,Flow IAT Min,0.5636314964030138,0.8222416847689417
Fwd Packet Length Max,Fwd IAT Total,0.9993476338837279,0.9297784817980217
Fwd Packet Length Max,Fwd IAT Mean,0.9769064637562268,0.9264272104319525
Fwd Packet Length Max,Fwd IAT Std,0.817314790196245,0.8972042137348285
Fwd Packet Length Max,Fwd IAT Max,1.0359559740296866,0.9349092193702052
Fwd Packet Length Max,Fwd IAT Min,0.5205857946196151,0.8043377271135208
Fwd Packet Length Max,Bwd IAT Total,1.028233260240409,0.9338602023392473
Fwd Packet Length Max,Bwd IAT Mean,1.011388734945136,0.9315108535485223
Fwd Packet Length Max,Bwd IAT Std,0.8080810509223344,0.895176142737947
Fwd Packet Length Max,Bwd IAT Max,1.074748874333384,0.9399241050258067
Fwd Packet Length Max,Bwd IAT Min,0.6276298630027233,0.8455756523058251
Fwd Packet Length Max,Fwd PSH Flags,0.8434290527126653,0.9027180198814619
Fwd Packet Length Max,Bwd PSH Flags,0.7822531401907344,0.8892742717996908
Fwd Packet Length Max,Fwd URG Flags,0.0022714723072740917,0.06732489175935073
Fwd Packet Length Max,Bwd URG Flags,0.0027212841973827118,0.07367349898323061
Fwd Packet Length Max,Fwd Header Length,1.3896539229351097,0.9684619442959564
Fwd Packet Length Max,Bwd Header Length,1.394676410875051,0.9687822370097809
Fwd Packet Length Max,Fwd Packets/s,0.9744627009610625,0.9260523520805499
Fwd Packet Length Max,Bwd Packets/s,0.9520687190016783,0.9225231342590641
Fwd Packet Length Max,Packet Length Min,2.2646777755866787,0.9945915614432117
Fwd Packet Length Max,Packet Length Max,2.3865145763202325,0.9957636613867092
Fwd Packet Length Max,Packet Length Mean,2.3394239207118224,0.9953443067885281
Fwd Packet Length Max,Packet Length Std,1.895819077956907,0.9886563523115387
Fwd Packet Length Max,Packet Length Variance,1.8967421054148188,0.9886773937925873
Fwd Packet Length Max,FIN Flag Count,0.5571345900465579,0.8196615072675303
Fwd Packet Length Max,SYN Flag Count,0.8134620853812571,0.8963631251850828
Fwd Packet Length Max,RST Flag Count,0.3930197485116853,0.7378036235618766
Fwd Packet Length Max,PSH Flag Count,0.8542163363139563,0.9049035911131939
Fwd Packet Length Max,ACK Flag Count,1.117415123177449,0.9449813259007819
Fwd Packet Length Max,URG Flag Count,0.002621038470310033,0.07230740786410993
Fwd Packet Length Max,CWR Flag Count,0.0,0.0
Fwd Packet Length Max,ECE Flag Count,0.0,0.0
Fwd Packet Length Max,Down/Up Ratio,0.6611873716330772,0.8564451664569
Fwd Packet Length Max,Fwd Bytes/Bulk Avg,0.1648810638810101,0.5300049379294022
Fwd Packet Length Max,Fwd Packet/Bulk Avg,0.057622017430011496,0.32992628565440996
Fwd Packet Length Max,Fwd Bulk Rate Avg,0.08953133665651247,0.4049030754238167
Fwd Packet Length Max,Bwd Bytes/Bulk Avg,0.2795076035676529,0.6543914245050781
Fwd Packet Length Max,Bwd Packet/Bulk Avg,0.21324869129393997,0.5892439442218348
Fwd Packet Length Max,Bwd Bulk Rate Avg,0.2591819350028435,0.6360078167385231
Fwd Packet Length Max,Subflow Fwd Packets,0.04253284635025034,0.28556619752529766
Fwd Packet Length Max,Subflow Fwd Bytes,2.316813396021164,0.9951284114638841
Fwd Packet Length Max,Subflow Bwd Packets,0.0,0.0
Fwd Packet Length Max,Subflow Bwd Bytes,1.6246609185736318,0.980407817197845
Fwd Packet Length Max,FWD Init Win Bytes,0.9447413268633853,0.9213305674435642
Fwd Packet Length Max,Bwd Init Win Bytes,1.052112482115609,0.937048480266884
Fwd Packet Length Max,Fwd Act Data Pkts,0.774229689296356,0.8873695850010408
Fwd Packet Length Max,Fwd Seg Size Min,0.8953593954572461,0.9127758742788276
Fwd Packet Length Max,Active Mean,0.2961665720318285,0.6685540614599819
Fwd Packet Length Max,Active Std,0.17575852818443227,0.5444080742788725
Fwd Packet Length Max,Active Max,0.3127098451814412,0.6818820780826416
Fwd Packet Length Max,Active Min,0.3199025240880964,0.6874625584832669
Fwd Packet Length Max,Idle Mean,0.36520368912169676,0.7199217243318835
Fwd Packet Length Max,Idle Std,0.15914123136622083,0.522113688035393
Fwd Packet Length Max,Idle Max,0.3887189095854078,0.7351312560689932
Fwd Packet Length Max,Idle Min,0.32976986233739325,0.694917777032276
Fwd Packet Length Min,Fwd Packet Length Mean,2.2402243613260957,0.9943197027433931
Fwd Packet Length Min,Fwd Packet Length Std,0.3417965752474954,0.7037045489742634
Fwd Packet Length Min,Bwd Packet Length Max,1.3478939692231071,0.9656659963485759
Fwd Packet Length Min,Bwd Packet Length Min,1.4119063869916584,0.9698561174605593
Fwd Packet Length Min,Bwd Packet Length Mean,1.3049328548496364,0.9625256259434658
Fwd Packet Length Min,Bwd Packet Length Std,0.3257160648497699,0.6918824505644833
Fwd Packet Length Min,Flow Bytes/s,0.5742651234029106,0.8263761314043482
Fwd Packet Length Min,Flow Packets/s,0.5256697090938225,0.8065548029199877
Fwd Packet Length Min,Flow IAT Mean,0.5095585695390206,0.7994288986974054
Fwd Packet Length Min,Flow IAT Std,0.49695272818469327,0.7936445397435158
Fwd Packet Length Min,Flow IAT Max,0.5588996975357681,0.8203666264796677
Fwd Packet Length Min,Flow IAT Min,0.4100020190259128,0.7480441992130255
Fwd Packet Length Min,Fwd IAT Total,0.5131907779099238,0.8010611023385356
Fwd Packet Length Min,Fwd IAT Mean,0.5255797000314733,0.8065157987500372
Fwd Packet Length Min,Fwd IAT Std,0.34821030253562846,0.7082612768952125
Fwd Packet Length Min,Fwd IAT Max,0.5126578362885574,0.8008225639453085
Fwd Packet Length Min,Fwd IAT Min,0.2829108588835405,0.6573482281421347
Fwd Packet Length Min,Bwd IAT Total,0.5338196295648441,0.8100498575969419
Fwd Packet Length Min,Bwd IAT Mean,0.5609943306632994,0.82119937934234
Fwd Packet Length Min,Bwd IAT Std,0.32553872462912725,0.6917487970080378
Fwd Packet Length Min,Bwd IAT Max,0.5521348774309374,0.8176473349125818
Fwd Packet Length Min,Bwd IAT Min,0.29272209667862903,0.6656887755989435
Fwd Packet Length Min,Fwd PSH Flags,0.34885439774643867,0.7087140560795451
Fwd Packet Length Min,Bwd PSH Flags,0.34408950098338575,0.7053436962020917
Fwd Packet Length Min,Fwd URG Flags,0.0,0.0
Fwd Packet Length Min,Bwd URG Flags,0.0,0.0
Fwd Packet Length Min,Fwd Header Length,0.7904194912826403,0.8911776696257463
Fwd Packet Length Min,Bwd Header Length,0.7961883190429733,0.8925012437917
Fwd Packet Length Min,Fwd Packets/s,0.5292923606870819,0.8081172631649379
Fwd Packet Length Min,Bwd Packets/s,0.5168314350016256,0.8026819529093169
Fwd Packet Length Min,Packet Length Min,2.437046619620226,0.9961716616314245
Fwd Packet Length Min,Packet Length Max,1.4155722013577803,0.9700797091847484
Fwd Packet Length Min,Packet Length Mean,1.3330362017885244,0.9646114477111364
Fwd Packet Length Min,Packet Length Std,1.058972400792051,0.937934661372949
Fwd Packet Length Min,Packet Length Variance,1.0594615334678759,0.9379973538494762
Fwd Packet Length Min,FIN Flag Count,0.33335122679707396,0.6975681000876192
Fwd Packet Length Min,SYN Flag Count,0.5816308096783924,0.8291770776295225
Fwd Packet Length Min,RST Flag Count,0.24408113035342183,0.621487508384339
Fwd Packet Length Min,PSH Flag Count,0.34550254194675567,0.7063482170308877
Fwd Packet Length Min,ACK Flag Count,0.6180781680058844,0.84231902862087
Fwd Packet Length Min,URG Flag Count,0.0,0.0
Fwd Packet Length Min,CWR Flag Count,0.0,0.0
Fwd Packet Length Min,ECE Flag Count,0.0014104085022195179,0.053073931815852265
Fwd Packet Length Min,Down/Up Ratio,0.3096714844080859,0.6794865708729011
Fwd Packet Length Min,Fwd Bytes/Bulk Avg,0.12211785394341312,0.46550726974870066
Fwd Packet Length Min,Fwd Packet/Bulk Avg,0.022229668086685805,0.20853178452601276
Fwd Packet Length Min,Fwd Bulk Rate Avg,0.05677871066238449,0.32763861551214
Fwd Packet Length Min,Bwd Bytes/Bulk Avg,0.09814000900058861,0.42215863288661537
Fwd Packet Length Min,Bwd Packet/Bulk Avg,0.08910947676471181,0.4040307017399324
Fwd Packet Length Min,Bwd Bulk Rate Avg,0.0996505543259838,0.42508451286959065
Fwd Packet Length Min,Subflow Fwd Packets,0.019598116362899987,0.1960561126331876
Fwd Packet Length Min,Subflow Fwd Bytes,1.5607491583827668,0.9777059596143555
Fwd Packet Length Min,Subflow Bwd Packets,0.002636209745578988,0.07251582367198169
Fwd Packet Length Min,Subflow Bwd Bytes,0.993251922797711,0.9288841853781628
Fwd Packet Length Min,FWD Init Win Bytes,0.6690896087668632,0.8588813265592247
Fwd Packet Length Min,Bwd Init Win Bytes,0.37322912487681315,0.7252292580431733
Fwd Packet Length Min,Fwd Act Data Pkts,0.24789821890405417,0.6252314649334821
Fwd Packet Length Min,Fwd Seg Size Min,0.6917093808017167,0.8656096496084873
Fwd Packet Length Min,Active Mean,0.1319822231986798,0.48166290663890554
Fwd Packet Length Min,Active Std,0.0688405233359024,0.35864107979092824
Fwd Packet Length Min,Active Max,0.14185697161296762,0.4970090446802595
Fwd Packet Length Min,Active Min,0.1338937777166338,0.4846954725728234
Fwd Packet Length Min,Idle Mean,0.1597152417397245,0.5229123169978623
Fwd Packet Length Min,Idle Std,0.07668865581439288,0.3770861962945823
Fwd Packet Length Min,Idle Max,0.15602498534218157,0.5177403291957321
Fwd Packet Length Min,Idle Min,0.15893374050308573,0.5218244762435692
Fwd Packet Length Mean,Fwd Packet Length Std,1.841916340666521,0.9873568310242606
Fwd Packet Length Mean,Bwd Packet Length Max,1.8951445775246594,0.9886409514261082
Fwd Packet Length Mean,Bwd Packet Length Min,1.271885268124855,0.9599116672449549
Fwd Packet Length Mean,Bwd Packet Length Mean,1.8237929463927047,0.9868870503009627
Fwd Packet Length Mean,Bwd Packet Length Std,0.8810007306946837,0.910109407140785
Fwd Packet Length Mean,Flow Bytes/s,1.0695717065424475,0.9392786233076759
Fwd Packet Length Mean,Flow Packets/s,0.9577787629550691,0.9234393815556589
Fwd Packet Length Mean,Flow IAT Mean,0.8923452704835153,0.9122231112223693
Fwd Packet Length Mean,Flow IAT Std,0.8751502275823588,0.9089984928400977
Fwd Packet Length Mean,Flow IAT Max,0.9557075644424176,0.9231083457724072
Fwd Packet Length Mean,Flow IAT Min,0.5107863494426059,0.7999823256651072
Fwd Packet Length Mean,Fwd IAT Total,0.8648922365913654,0.9070156428461437
Fwd Packet Length Mean,Fwd IAT Mean,0.914809455799503,0.9162561262141747
Fwd Packet Length Mean,Fwd IAT Std,0.7021807139832736,0.8686058996858467
Fwd Packet Length Mean,Fwd IAT Max,0.8850105006949978,0.9108625518521194
Fwd Packet Length Mean,Fwd IAT Min,0.45339781427726056,0.7721294386752867
Fwd Packet Length Mean,Bwd IAT Total,0.8996316804166149,0.9135531190267172
Fwd Packet Length Mean,Bwd IAT Mean,0.9071377176270357,0.9149011215684943
Fwd Packet Length Mean,Bwd IAT Std,0.6638875905114858,0.8572827244422925
Fwd Packet Length Mean,Bwd IAT Max,0.9266994507283082,0.9183116900619847
Fwd Packet Length Mean,Bwd IAT Min,0.5190455491542822,0.8036603532670157
Fwd Packet Length Mean,Fwd PSH Flags,0.7569355399069075,0.8831441157218313
Fwd Packet Length Mean,Bwd PSH Flags,0.6742414630692561,0.8604453232236741
Fwd Packet Length Mean,Fwd URG Flags,0.0008823738135115278,0.04199037241473131
Fwd Packet Length Mean,Bwd URG Flags,0.004018951407785298,0.0894744949863839
Fwd Packet Length Mean,Fwd Header Length,1.4377205187618793,0.9713952525335033
Fwd Packet Length Mean,Bwd Header Length,1.2771531974374062,0.9603404924867138
Fwd Packet Length Mean,Fwd Packets/s,0.9763782745934648,0.9263463573884736
Fwd Packet Length Mean,Bwd Packets/s,0.9172840758689693,0.9166883628218507
Fwd Packet Length Mean,Packet Length Min,2.233652620799562,0.9942443335508437
Fwd Packet Length Mean,Packet Length Max,1.995715194413223,0.9907203080326203
Fwd Packet Length Mean,Packet Length Mean,2.23815993457037,0.9942961337354904
Fwd Packet Length Mean,Packet Length Std,1.7577613629474351,0.9850216966794946
Fwd Packet Length Mean,Packet Length Variance,1.7625432545981763,0.9851653365668507
Fwd Packet Length Mean,FIN Flag Count,0.4965211220024832,0.7934431411031823
Fwd Packet Length Mean,SYN Flag Count,0.721690333562973,0.8739976331857308
Fwd Packet Length Mean,RST Flag Count,0.36984529863419047,0.7230065292172575
Fwd Packet Length Mean,PSH Flag Count,0.7578603804357495,0.8833743188536015
Fwd Packet Length Mean,ACK Flag Count,1.041938169483081,0.935709956269408
Fwd Packet Length Mean,URG Flag Count,0.0008032174343615139,0.040064263912973
Fwd Packet Length Mean,CWR Flag Count,0.003425124319579975,0.08262468862278682
Fwd Packet Length Mean,ECE Flag Count,0.0022294204695278985,0.06670018790007809
Fwd Packet Length Mean,Down/Up Ratio,0.7077584983868208,0.8701723655977434
Fwd Packet Length Mean,Fwd Bytes/Bulk Avg,0.17166940091438665,0.5390752957052731
Fwd Packet Length Mean,Fwd Packet/Bulk Avg,0.06434616881147104,0.34749901529414123
Fwd Packet Length Mean,Fwd Bulk Rate Avg,0.08501507826599486,0.395424613580173
Fwd Packet Length Mean,Bwd Bytes/Bulk Avg,0.19345995083231848,0.566440207637668
Fwd Packet Length Mean,Bwd Packet/Bulk Avg,0.16216991457676633,0.5263036171077352
Fwd Packet Length Mean,Bwd Bulk Rate Avg,0.13055745152383658,0.479382501688835
Fwd Packet Length Mean,Subflow Fwd Packets,0.043550013708945734,0.28881584552101336
Fwd Packet Length Mean,Subflow Fwd Bytes,2.7588881850505222,0.9979905984646312
Fwd Packet Length Mean,Subflow Bwd Packets,0.0,0.0
Fwd Packet Length Mean,Subflow Bwd Bytes,1.565618618625467,0.9779244646636537
Fwd Packet Length Mean,FWD Init Win Bytes,0.8374776364544245,0.9014895687586557
Fwd Packet Length Mean,Bwd Init Win Bytes,0.8782133227237563,0.9095819144867844
Fwd Packet Length Mean,Fwd Act Data Pkts,0.7625652148153956,0.8845379163822624
Fwd Packet Length Mean,Fwd Seg Size Min,0.8279463703481227,0.8994878897590597
Fwd Packet Length Mean,Active Mean,0.2416438902164968,0.6190700214146081
Fwd Packet Length Mean,Active Std,0.1227914238394634,0.46663853930052024
Fwd Packet Length Mean,Active Max,0.24212702355156246,0.6195509267078472
Fwd Packet Length Mean,Active Min,0.2482466936033889,0.6255707303753624
Fwd Packet Length Mean,Idle Mean,0.29895213424098976,0.6708479678773462
Fwd Packet Length Mean,Idle Std,0.11296890782387203,0.44970244741218973
Fwd Packet Length Mean,Idle Max,0.3127201227413927,0.6818901422102378
Fwd Packet Length Mean,Idle Min,0.26631437792715307,0.6426043083633332
Fwd Packet Length Std,Bwd Packet Length Max,1.047583272741372,0.9364562197094126
Fwd Packet Length Std,Bwd Packet Length Min,0.3324003433988203,0.696867247453948
Fwd Packet Length Std,Bwd Packet Length Mean,0.965323473432738,0.9246327240152074
Fwd Packet Length Std,Bwd Packet Length Std,1.156666473048606,0.9492465591878987
Fwd Packet Length Std,Flow Bytes/s,0.6467077042001561,0.8518613592378772
Fwd Packet Length Std,Flow Packets/s,0.6710522861873383,0.8594793918996035
Fwd Packet Length Std,Flow IAT Mean,0.6188086338992811,0.8425707298717495
Fwd Packet Length Std,Flow IAT Std,0.6982139589034491,0.8674794500731763
Fwd Packet Length Std,Flow IAT Max,0.6976887022683407,0.8673295102193328
Fwd Packet Length Std,Flow IAT Min,0.21209055596829796,0.5879580183442888
Fwd Packet Length Std,Fwd IAT Total,0.8061559589103338,0.8947479957381014
Fwd Packet Length Std,Fwd IAT Mean,0.8235648347885167,0.8985533110485127
Fwd Packet Length Std,Fwd IAT Std,0.789565252909294,0.8909802072787475
Fwd Packet Length Std,Fwd IAT Max,0.8097767866273156,0.8955517483211192
Fwd Packet Length Std,Fwd IAT Min,0.2854661241713998,0.6595464546068406
Fwd Packet Length Std,Bwd IAT Total,0.8093817738596014,0.8954643807997024
Fwd Packet Length Std,Bwd IAT Mean,0.7917521260244929,0.8914849562759246
Fwd Packet Length Std,Bwd IAT Std,0.7940017442769625,0.892001592906393
Fwd Packet Length Std,Bwd IAT Max,0.8390042612782826,0.9018062400359911
Fwd Packet Length Std,Bwd IAT Min,0.33714346621585456,0.7003430495027098
Fwd Packet Length Std,Fwd PSH Flags,0.9068347172355891,0.9148471352601307
Fwd Packet Length Std,Bwd PSH Flags,0.8363901253595829,0.9012633252935265
Fwd Packet Length Std,Fwd URG Flags,0.0,0.0
Fwd Packet Length Std,Bwd URG Flags,0.0,0.0
Fwd Packet Length Std,Fwd Header Length,1.1872147319507746,0.9523299992775841
Fwd Packet Length Std,Bwd Header Length,1.030569963779489,0.9341794450855551
Fwd Packet Length Std,Fwd Packets/s,0.6843542159108429,0.863460845637498
Fwd Packet Length Std,Bwd Packets/s,0.6524620398566494,0.8537018663891217
Fwd Packet Length Std,Packet Length Min,0.34671365445815283,0.7072058007129451
Fwd Packet Length Std,Packet Length Max,1.1471965128578496,0.9482496657485473
Fwd Packet Length Std,Packet Length Mean,1.322914372497861,0.9638741967781852
Fwd Packet Length Std,Packet Length Std,1.2923149764772992,0.961548758586672
Fwd Packet Length Std,Packet Length Variance,1.2863677498670407,0.9610793575168534
Fwd Packet Length Std,FIN Flag Count,0.5691299815588282,0.8243931081993336
Fwd Packet Length Std,SYN Flag Count,0.5195689350824386,0.8038908276756437
Fwd Packet Length Std,RST Flag Count,0.25358779589394587,0.6307186211979375
Fwd Packet Length Std,PSH Flag Count,0.9224483110270398,0.9175828801437164
Fwd Packet Length Std,ACK Flag Count,0.9572290440368292,0.9233516662024127
Fwd Packet Length Std,URG Flag Count,0.0009847740230455315,0.044357747452540966
Fwd Packet Length Std,CWR Flag Count,0.0,0.0
Fwd Packet Length Std,ECE Flag Count,0.00016815408357384598,0.018337165045205342
Fwd Packet Length Std,Down/Up Ratio,0.7782522872426023,0.8883288403491955
Fwd Packet Length Std,Fwd Bytes/Bulk Avg,0.07432274144213569,0.3716522433068277
Fwd Packet Length Std,Fwd Packet/Bulk Avg,0.0426007568062694,0.2857845161638995
Fwd Packet Length Std,Fwd Bulk Rate Avg,0.04290479472562758,0.28675953780732727
Fwd Packet Length Std,Bwd Bytes/Bulk Avg,0.28642320399678756,0.6603650419634857
Fwd Packet Length Std,Bwd Packet/Bulk Avg,0.2313894889567285,0.6086610242529561
Fwd Packet Length Std,Bwd Bulk Rate Avg,0.2487272096590285,0.6260378588670742
Fwd Packet Length Std,Subflow Fwd Packets,0.010669322864386821,0.14530171233641065
Fwd Packet Length Std,Subflow Fwd Bytes,0.9428334671652951,0.9210169199440912
Fwd Packet Length Std,Subflow Bwd Packets,0.0009295269386031535,0.04309671573205885
Fwd Packet Length Std,Subflow Bwd Bytes,0.8725872663241754,0.908507286501216
Fwd Packet Length Std,FWD Init Win Bytes,0.6398470501060185,0.8496338240592821
Fwd Packet Length Std,Bwd Init Win Bytes,0.9883960792665327,0.9281633193144813
Fwd Packet Length Std,Fwd Act Data Pkts,0.6111657613093033,0.8399150951589545
Fwd Packet Length Std,Fwd Seg Size Min,0.5991148316048358,0.8356267711302279
Fwd Packet Length Std,Active Mean,0.3025270094234056,0.673761879950456
Fwd Packet Length Std,Active Std,0.17467326753919377,0.5430020910130202
Fwd Packet Length Std,Active Max,0.3230558074602312,0.6898698113151259
Fwd Packet Length Std,Active Min,0.3145253405944075,0.683302538788088
Fwd Packet Length Std,Idle Mean,0.3227343659539583,0.6896254971650094
Fwd Packet Length Std,Idle Std,0.1533491641090734,0.5139333036372755
Fwd Packet Length Std,Idle Max,0.33898289465672793,0.7016775563102791
Fwd Packet Length Std,Idle Min,0.3037241713531582,0.6747302537647243
Bwd Packet Length Max,Bwd Packet Length Min,2.8594883000177975,0.9983571159277381
Bwd Packet Length Max,Bwd Packet Length Mean,3.845605937414952,0.9997715617968099
Bwd Packet Length Max,Bwd Packet Length Std,1.6457764649390816,0.9812257427943399
Bwd Packet Length Max,Flow Bytes/s,1.3040465267508097,0.9624578411592976
Bwd Packet Length Max,Flow Packets/s,1.0322178588766038,0.9344036215297339
Bwd Packet Length Max,Flow IAT Mean,0.9867212305565749,0.9279129232947367
Bwd Packet Length Max,Flow IAT Std,0.948923560254042,0.9220135740315726
Bwd Packet Length Max,Flow IAT Max,1.1360469388446255,0.9470501130704588
Bwd Packet Length Max,Flow IAT Min,0.5330128030432046,0.8097070575070205
Bwd Packet Length Max,Fwd IAT Total,0.9325507674187321,0.9193038217467482
Bwd Packet Length Max,Fwd IAT Mean,0.9242973109578632,0.9179007030542297
Bwd Packet Length Max,Fwd IAT Std,0.7905939539358284,0.8912179508766928
Bwd Packet Length Max,Fwd IAT Max,0.97686840627376,0.9264213878384217
Bwd Packet Length Max,Fwd IAT Min,0.45571438450353163,0.7733372352636528
Bwd Packet Length Max,Bwd IAT Total,0.965220667083174,0.9246165941848268
Bwd Packet Length Max,Bwd IAT Mean,0.987763994481174,0.9280689267830841
Bwd Packet Length Max,Bwd IAT Std,0.8148342439052412,0.8966635166345446
Bwd Packet Length Max,Bwd IAT Max,1.0145203687374922,0.9319540939134706
Bwd Packet Length Max,Bwd IAT Min,0.7053434211443337,0.8694966056308258
Bwd Packet Length Max,Fwd PSH Flags,0.8147360034997835,0.8966420406797104
Bwd Packet Length Max,Bwd PSH Flags,0.8334446050819335,0.900647781056994
Bwd Packet Length Max,Fwd URG Flags,0.0014556531871785516,0.053917275816987645
Bwd Packet Length Max,Bwd URG Flags,0.0008819492293312692,0.04198027756046527
Bwd Packet Length Max,Fwd Header Length,1.3555721601748951,0.9661983694664282
Bwd Packet Length Max,Bwd Header Length,1.43895921699034,0.9714670695669438
Bwd Packet Length Max,Fwd Packets/s,1.0390386521202544,0.9353231280930042
Bwd Packet Length Max,Bwd Packets/s,1.0565065738768062,0.9376176148419143
Bwd Packet Length Max,Packet Length Min,1.3466833546252492,0.9655812817883443
Bwd Packet Length Max,Packet Length Max,4.852121977502162,0.9999694875536098
Bwd Packet Length Max,Packet Length Mean,2.7684341410300553,0.9980286354168514
Bwd Packet Length Max,Packet Length Std,2.8571396324419904,0.9983493742025401
Bwd Packet Length Max,Packet Length Variance,2.8567808669055514,0.9983481884220742
Bwd Packet Length Max,FIN Flag Count,0.5628122079349369,0.8219186015156353
Bwd Packet Length Max,SYN Flag Count,0.7594102388607613,0.8837590086108148
Bwd Packet Length Max,RST Flag Count,0.4086096440188163,0.747222809847541
Bwd Packet Length Max,PSH Flag Count,0.8535943642071486,0.9047789946365052
Bwd Packet Length Max,ACK Flag Count,1.1555837988304578,0.9491335933424587
Bwd Packet Length Max,URG Flag Count,0.0,0.0
Bwd Packet Length Max,CWR Flag Count,0.0,0.0
Bwd Packet Length Max,ECE Flag Count,0.0012253893320410825,0.04947502357662976
Bwd Packet Length Max,Down/Up Ratio,0.7491886759502178,0.8811966206318043
Bwd Packet Length Max,Fwd Bytes/Bulk Avg,0.0789285682451295,0.3821363962526079
Bwd Packet Length Max,Fwd Packet/Bulk Avg,0.026643975430554523,0.22780042810524456
Bwd Packet Length Max,Fwd Bulk Rate Avg,0.053453003876310135,0.31841775797402655
Bwd Packet Length Max,Bwd Bytes/Bulk Avg,0.4012517594847642,0.7428287370138642
Bwd Packet Length Max,Bwd Packet/Bulk Avg,0.2984009012148894,0.6703956638577602
Bwd Packet Length Max,Bwd Bulk Rate Avg,0.367323541390872,0.7213357646945945
Bwd Packet Length Max,Subflow Fwd Packets,0.0465345969105142,0.29810995703362925
Bwd Packet Length Max,Subflow Fwd Bytes,1.4021995782353276,0.9692558293873849
Bwd Packet Length Max,Subflow Bwd Packets,0.0,0.0
Bwd Packet Length Max,Subflow Bwd Bytes,3.225112840908431,0.9992096048808436
Bwd Packet Length Max,FWD Init Win Bytes,0.9329308644469387,0.9193678323500676
Bwd Packet Length Max,Bwd Init Win Bytes,1.0981551678184625,0.9427551431990513
Bwd Packet Length Max,Fwd Act Data Pkts,0.68174430003097,0.8626894283809232
Bwd Packet Length Max,Fwd Seg Size Min,0.8812233426410891,0.9101513947028005
Bwd Packet Length Max,Active Mean,0.2830144216608401,0.6574376822764328
Bwd Packet Length Max,Active Std,0.16354312231133772,0.5281841003731992
Bwd Packet Length Max,Active Max,0.30401169566720565,0.6749622780263793
Bwd Packet Length Max,Active Min,0.3407102637015891,0.7029240073053388
Bwd Packet Length Max,Idle Mean,0.342714558990326,0.7043621498923985
Bwd Packet Length Max,Idle Std,0.16163536320982086,0.5255683760967288
Bwd Packet Length Max,Idle Max,0.3668591255334519,0.7210267272170062
Bwd Packet Length Max,Idle Min,0.3098028762865903,0.6795906395639271
Bwd Packet Length Min,Bwd Packet Length Mean,2.858612137758249,0.998354232162914
Bwd Packet Length Min,Bwd Packet Length Std,0.31748707570045465,0.6856025185305333
Bwd Packet Length Min,Flow Bytes/s,0.6850882364056083,0.8636769531833949
Bwd Packet Length Min,Flow Packets/s,0.5406404617377412,0.8129201632120627
Bwd Packet Length Min,Flow IAT Mean,0.5168039749164448,0.8026697837796483
Bwd Packet Length Min,Flow IAT Std,0.4577077254992252,0.7743705407501512
Bwd Packet Length Min,Flow IAT Max,0.5988504004148307,0.8355312596732446
Bwd Packet Length Min,Flow IAT Min,0.35921781625180405,0.7158810576626079
Bwd Packet Length Min,Fwd IAT Total,0.44043202460341657,0.7652289372301098
Bwd Packet Length Min,Fwd IAT Mean,0.44409054369956014,0.7672005087307391
Bwd Packet Length Min,Fwd IAT Std,0.33973452557638684,0.7022207263420326
Bwd Packet Length Min,Fwd IAT Max,0.44006474409428886,0.7650299303485343
Bwd Packet Length Min,Fwd IAT Min,0.21297629628325332,0.5889420129145418
Bwd Packet Length Min,Bwd IAT Total,0.4631882344234812,0.7771833880076868
Bwd Packet Length Min,Bwd IAT Mean,0.48109587650225816,0.7860950334805761
Bwd Packet Length Min,Bwd IAT Std,0.32203570610090004,0.689093633976419
Bwd Packet Length Min,Bwd IAT Max,0.48023308393455455,0.785675228569924
Bwd Packet Length Min,Bwd IAT Min,0.21602312575234794,0.5923011476698342
Bwd Packet Length Min,Fwd PSH Flags,0.34222237680428425,0.7040097999493463
Bwd Packet Length Min,Bwd PSH Flags,0.328728833900354,0.6941419062265392
Bwd Packet Length Min,Fwd URG Flags,0.0,0.0
Bwd Packet Length Min,Bwd URG Flags,0.0013547815077785685,0.05201822241220528
Bwd Packet Length Min,Fwd Header Length,0.7013403896099266,0.8683681378149603
Bwd Packet Length Min,Bwd Header Length,0.7077878489753919,0.8701805548738986
Bwd Packet Length Min,Fwd Packets/s,0.5442838885678372,0.8144333148544554
Bwd Packet Length Min,Bwd Packets/s,0.5500636857025558,0.8168055532741706
Bwd Packet Length Min,Packet Length Min,1.4071441379417005,0.9695631131859638
Bwd Packet Length Min,Packet Length Max,2.8740710564277734,0.998404377223722
Bwd Packet Length Min,Packet Length Mean,1.885053546554234,0.9884080155976589
Bwd Packet Length Min,Packet Length Std,1.6830731493967743,0.9825871867578917
Bwd Packet Length Min,Packet Length Variance,1.682257096455574,0.982558491556831
Bwd Packet Length Min,FIN Flag Count,0.3277582407299411,0.693416289351712
Bwd Packet Length Min,SYN Flag Count,0.5616907706327394,0.8214753012671433
Bwd Packet Length Min,RST Flag Count,0.23632290539359158,0.6137175113865507
Bwd Packet Length Min,PSH Flag Count,0.33890242384578606,0.7016193303098553
Bwd Packet Length Min,ACK Flag Count,0.5936475741185161,0.8336394596175691
Bwd Packet Length Min,URG Flag Count,0.0,0.0
Bwd Packet Length Min,CWR Flag Count,0.0,0.0
Bwd Packet Length Min,ECE Flag Count,0.006036013502667359,0.10954201213078481
Bwd Packet Length Min,Down/Up Ratio,0.3027747636106506,0.6739625907169206
Bwd Packet Length Min,Fwd Bytes/Bulk Avg,0.052398959962088654,0.31542593644423084
Bwd Packet Length Min,Fwd Packet/Bulk Avg,0.01913609497336033,0.19377580920664703
Bwd Packet Length Min,Fwd Bulk Rate Avg,0.029205485586696334,0.23819694752519505
Bwd Packet Length Min,Bwd Bytes/Bulk Avg,0.09531923266515818,0.4166157489571652
Bwd Packet Length Min,Bwd Packet/Bulk Avg,0.09271778106108464,0.41140932763943033
Bwd Packet Length Min,Bwd Bulk Rate Avg,0.09243148316162664,0.41083064524011426
Bwd Packet Length Min,Subflow Fwd Packets,0.007459267537698544,0.12168732496895056
Bwd Packet Length Min,Subflow Fwd Bytes,0.8206760283126906,0.8979320979267095
Bwd Packet Length Min,Subflow Bwd Packets,0.0,0.0
Bwd Packet Length Min,Subflow Bwd Bytes,2.334940343887535,0.9953022717646898
Bwd Packet Length Min,FWD Init Win Bytes,0.647828468119573,0.8522218079889777
Bwd Packet Length Min,Bwd Init Win Bytes,0.37042341829433933,0.7233878288795021
Bwd Packet Length Min,Fwd Act Data Pkts,0.17926250810382438,0.5489024078632613
Bwd Packet Length Min,Fwd Seg Size Min,0.6617824539033235,0.8566302092030841
Bwd Packet Length Min,Active Mean,0.12372396863710033,0.46819774684023163
Bwd Packet Length Min,Active Std,0.06345455393731214,0.3452336484314694
Bwd Packet Length Min,Active Max,0.12647144923835896,0.47274494118027005
Bwd Packet Length Min,Active Min,0.11947190793137263,0.46102155715179055
Bwd Packet Length Min,Idle Mean,0.14482561757948176,0.5014732484227928
Bwd Packet Length Min,Idle Std,0.06776248523194095,0.3560093299129454
Bwd Packet Length Min,Idle Max,0.15353885543140766,0.5142047888871148
Bwd Packet Length Min,Idle Min,0.1512650105615263,0.5109341406404282
Bwd Packet Length Mean,Bwd Packet Length Std,1.593981832635797,0.9791548416514502
Bwd Packet Length Mean,Flow Bytes/s,1.2361004435016953,0.9568704708606347
Bwd Packet Length Mean,Flow Packets/s,0.9989659525272421,0.9297228301665642
Bwd Packet Length Mean,Flow IAT Mean,0.9486704300257003,0.9219724115265919
Bwd Packet Length Mean,Flow IAT Std,0.8981071228735216,0.9132765981818683
Bwd Packet Length Mean,Flow IAT Max,1.0225149561167592,0.93307217299371
Bwd Packet Length Mean,Flow IAT Min,0.47877145807111354,0.7849618827281476
Bwd Packet Length Mean,Fwd IAT Total,0.8397926595806435,0.9019693576930558
Bwd Packet Length Mean,Fwd IAT Mean,0.8566276761442948,0.9053850186233848
Bwd Packet Length Mean,Fwd IAT Std,0.7095338267592348,0.8706667082183334
Bwd Packet Length Mean,Fwd IAT Max,0.8578937434557803,0.9056367608347132
Bwd Packet Length Mean,Fwd IAT Min,0.39713712833153814,0.7403316243762819
Bwd Packet Length Mean,Bwd IAT Total,0.9030577337744088,0.9141711585117215
Bwd Packet Length Mean,Bwd IAT Mean,0.9822420507416947,0.9272387979995461
Bwd Packet Length Mean,Bwd IAT Std,0.7789175794639336,0.8884866486564793
Bwd Packet Length Mean,Bwd IAT Max,0.9185650227853177,0.9169111845923511
Bwd Packet Length Mean,Bwd IAT Min,0.5801957156844288,0.8286353259603919
Bwd Packet Length Mean,Fwd PSH Flags,0.77379716139597,0.8872659192135375
Bwd Packet Length Mean,Bwd PSH Flags,0.8542651141556776,0.9049133552500769
Bwd Packet Length Mean,Fwd URG Flags,0.0008373744750773682,0.04090656842964114
Bwd Packet Length Mean,Bwd URG Flags,0.0006405966379743333,0.0357822986717597
Bwd Packet Length Mean,Fwd Header Length,1.2833406837194063,0.9608381962125803
Bwd Packet Length Mean,Bwd Header Length,1.5109635010801998,0.9753423661164732
Bwd Packet Length Mean,Fwd Packets/s,0.9792316354091417,0.9267820409495692
Bwd Packet Length Mean,Bwd Packets/s,1.053132269473898,0.9371810427838946
Bwd Packet Length Mean,Packet Length Min,1.3069733008266837,0.9626812015755125
Bwd Packet Length Mean,Packet Length Max,3.769549284004087,0.9997340262006784
Bwd Packet Length Mean,Packet Length Mean,3.0007597581789645,0.9987617390887726
Bwd Packet Length Mean,Packet Length Std,2.7720457942353294,0.9980428377936663
Bwd Packet Length Mean,Packet Length Variance,2.7869993817570053,0.9981005592389475
Bwd Packet Length Mean,FIN Flag Count,0.5816859172539441,0.8291978428498773
Bwd Packet Length Mean,SYN Flag Count,0.7093144371749789,0.8706057290766654
Bwd Packet Length Mean,RST Flag Count,0.4391622665570001,0.764540091017249
Bwd Packet Length Mean,PSH Flag Count,0.856149738925343,0.9052898024723445
Bwd Packet Length Mean,ACK Flag Count,1.1955098075216561,0.953133618918662
Bwd Packet Length Mean,URG Flag Count,7.704685266363143e-05,0.012412970373849818
Bwd Packet Length Mean,CWR Flag Count,0.001380588182497533,0.052510644860767265
Bwd Packet Length Mean,ECE Flag Count,0.0003476122928476322,0.026362529716965833
Bwd Packet Length Mean,Down/Up Ratio,0.8653050341529385,0.9070963083627488
Bwd Packet Length Mean,Fwd Bytes/Bulk Avg,0.07607967372965341,0.3756974659936067
Bwd Packet Length Mean,Fwd Packet/Bulk Avg,0.03949923487538376,0.2756059896708454
Bwd Packet Length Mean,Fwd Bulk Rate Avg,0.044521831878953755,0.29188074816458953
Bwd Packet Length Mean,Bwd Bytes/Bulk Avg,0.44204480481188835,0.7661004664054215
Bwd Packet Length Mean,Bwd Packet/Bulk Avg,0.3550539371456676,0.7130279345495028
Bwd Packet Length Mean,Bwd Bulk Rate Avg,0.37498440506732367,0.7263736737933478
Bwd Packet Length Mean,Subflow Fwd Packets,0.05233668402169522,0.31524808424636275
Bwd Packet Length Mean,Subflow Fwd Bytes,1.393430262765972,0.968703077698295
Bwd Packet Length Mean,Subflow Bwd Packets,0.0,0.0
Bwd Packet Length Mean,Subflow Bwd Bytes,3.7745325759408517,0.9997366642320643
Bwd Packet Length Mean,FWD Init Win Bytes,0.7765369864811813,0.887920868621988
Bwd Packet Length Mean,Bwd Init Win Bytes,0.9197435619783763,0.9171156412081269
Bwd Packet Length Mean,Fwd Act Data Pkts,0.6879801373063072,0.8645247729835874
Bwd Packet Length Mean,Fwd Seg Size Min,0.7884035554658233,0.8907110615270507
Bwd Packet Length Mean,Active Mean,0.243467312882776,0.6208806611824986
Bwd Packet Length Mean,Active Std,0.13941505271535037,0.4932864825280272
Bwd Packet Length Mean,Active Max,0.2554147802899358,0.6324573994220314
Bwd Packet Length Mean,Active Min,0.2821213088083545,0.6566652299498656
Bwd Packet Length Mean,Idle Mean,0.27772791329226765,0.6528317980697363
Bwd Packet Length Mean,Idle Std,0.1213995462494899,0.4642961386543417
Bwd Packet Length Mean,Idle Max,0.2959878645995615,0.6684061898801339
Bwd Packet Length Mean,Idle Min,0.25768569599319546,0.6346032391284653
Bwd Packet Length Std,Flow Bytes/s,0.7217786211720467,0.8740214834377432
Bwd Packet Length Std,Flow Packets/s,0.719553689993341,0.8734189489827631
Bwd Packet Length Std,Flow IAT Mean,0.6724104588434869,0.8598916384687318
Bwd Packet Length Std,Flow IAT Std,0.7440868441013819,0.8798950889943741
Bwd Packet Length Std,Flow IAT Max,0.7121528692986754,0.8713922785249012
Bwd Packet Length Std,Flow IAT Min,0.22400630847892078,0.6009187773324232
Bwd Packet Length Std,Fwd IAT Total,0.8478766442680508,0.9036254877374352
Bwd Packet Length Std,Fwd IAT Mean,0.835780333772421,0.9011362251686025
Bwd Packet Length Std,Fwd IAT Std,0.7801401306323816,0.8887760198994906
Bwd Packet Length Std,Fwd IAT Max,0.8270192197888466,0.8992908925185003
Bwd Packet Length Std,Fwd IAT Min,0.28851444112582936,0.662144724171639
Bwd Packet Length Std,Bwd IAT Total,0.9067296888229244,0.9148284137145407
Bwd Packet Length Std,Bwd IAT Mean,0.9457781252713025,0.9215004687472331
Bwd Packet Length Std,Bwd IAT Std,0.9111336712460067,0.9156097426175664
Bwd Packet Length Std,Bwd IAT Max,0.8949931520189507,0.9127089041075168
Bwd Packet Length Std,Bwd IAT Min,0.5382964317542998,0.8119393158950003
Bwd Packet Length Std,Fwd PSH Flags,0.8575258107964814,0.9055636747689518
Bwd Packet Length Std,Bwd PSH Flags,0.9254027591443146,0.9180901045653163
Bwd Packet Length Std,Fwd URG Flags,0.0008285116435802209,0.0406896938062702
Bwd Packet Length Std,Bwd URG Flags,0.002913348995036813,0.07622175350361979
Bwd Packet Length Std,Fwd Header Length,1.1065470474991823,0.9437363250125173
Bwd Packet Length Std,Bwd Header Length,1.2897929303650528,0.9613504087935387
Bwd Packet Length Std,Fwd Packets/s,0.6987015765009827,0.8676184814048395
Bwd Packet Length Std,Bwd Packets/s,0.7608300344386656,0.884110224262148
Bwd Packet Length Std,Packet Length Min,0.3237138105617898,0.6903691729829425
Bwd Packet Length Std,Packet Length Max,1.5599965845980437,0.9776719950731524
Bwd Packet Length Std,Packet Length Mean,1.2984285449438975,0.9620252696203583
Bwd Packet Length Std,Packet Length Std,1.8272723197698406,0.9869785831170793
Bwd Packet Length Std,Packet Length Variance,1.8266017162082582,0.9869609915431278
Bwd Packet Length Std,FIN Flag Count,0.6345077953164919,0.8478748662546423
Bwd Packet Length Std,SYN Flag Count,0.5064637944812969,0.7980261553327802
Bwd Packet Length Std,RST Flag Count,0.3030708564052462,0.6742022528572904
Bwd Packet Length Std,PSH Flag Count,0.9344968013442481,0.9196309860312597
Bwd Packet Length Std,ACK Flag Count,1.0615055962743076,0.9382586350252731
Bwd Packet Length Std,URG Flag Count,0.002108584997863261,0.06487133589831347
Bwd Packet Length Std,CWR Flag Count,0.0,0.0
Bwd Packet Length Std,ECE Flag Count,0.000667470934115677,0.03652466604496942
Bwd Packet Length Std,Down/Up Ratio,0.8872099862395295,0.9112728553622903
Bwd Packet Length Std,Fwd Bytes/Bulk Avg,0.04102472726491779,0.2806663521846488
Bwd Packet Length Std,Fwd Packet/Bulk Avg,0.01215915600488593,0.15500001372209943
Bwd Packet Length Std,Fwd Bulk Rate Avg,0.0343746184067415,0.25775811646227775
Bwd Packet Length Std,Bwd Bytes/Bulk Avg,0.4308247999240207,0.7599574924661044
Bwd Packet Length Std,Bwd Packet/Bulk Avg,0.3616744197897157,0.7175479586115949
Bwd Packet Length Std,Bwd Bulk Rate Avg,0.4321496563601297,0.7606926570706442
Bwd Packet Length Std,Subflow Fwd Packets,0.014054727652128562,0.1664874182593934
Bwd Packet Length Std,Subflow Fwd Bytes,0.6353502184187807,0.8481538858963619
Bwd Packet Length Std,Subflow Bwd Packets,0.0,0.0
Bwd Packet Length Std,Subflow Bwd Bytes,1.217403549893568,0.9551886482250551
Bwd Packet Length Std,FWD Init Win Bytes,0.6182357226181452,0.8423733556811691
Bwd Packet Length Std,Bwd Init Win Bytes,1.0440237367641672,0.935986712433575
Bwd Packet Length Std,Fwd Act Data Pkts,0.5779949882161262,0.8278008264656802
Bwd Packet Length Std,Fwd Seg Size Min,0.5874650315339434,0.8313599832230927
Bwd Packet Length Std,Active Mean,0.29630429653161094,0.6686679633290735
Bwd Packet Length Std,Active Std,0.18515228386963845,0.5563056828063522
Bwd Packet Length Std,Active Max,0.3128751111354253,0.6820117197904698
Bwd Packet Length Std,Active Min,0.3223966691844149,0.6893685654800018
Bwd Packet Length Std,Idle Mean,0.3131297732042757,0.6822113555815973
Bwd Packet Length Std,Idle Std,0.16371898790332384,0.5284240769092069
Bwd Packet Length Std,Idle Max,0.31891078917285665,0.6867005596871659
Bwd Packet Length Std,Idle Min,0.29146682780593913,0.6646365739541855
Flow Bytes/s,Flow Packets/s,2.084954857000392,0.9922430874994107
Flow Bytes/s,Flow IAT Mean,1.63698119895054,0.9808893268578174
Flow Bytes/s,Flow IAT Std,1.1762516213955996,0.9512461676133834
Flow Bytes/s,Flow IAT Max,1.4346381005924176,0.971215743256275
Flow Bytes/s,Flow IAT Min,0.4559156003205027,0.7734417910249016
Flow Bytes/s,Fwd IAT Total,1.0230567870784286,0.9331472575481219
Flow Bytes/s,Fwd IAT Mean,0.9817863527306248,0.9271698478833512
Flow Bytes/s,Fwd IAT Std,0.7366502255220642,0.8779704560581626
Flow Bytes/s,Fwd IAT Max,0.8987189221101302,0.9133876763176002
Flow Bytes/s,Fwd IAT Min,0.2833948115096927,0.6577659872851552
Flow Bytes/s,Bwd IAT Total,0.8774264370671787,0.9094324145911652
Flow Bytes/s,Bwd IAT Mean,0.8964455467332861,0.9129741675966944
Flow Bytes/s,Bwd IAT Std,0.6624336687595651,0.8568324086377785
Flow Bytes/s,Bwd IAT Max,0.8437908021799316,0.9027921658751353
Flow Bytes/s,Bwd IAT Min,0.3189696985067596,0.6867458885059021
Flow Bytes/s,Fwd PSH Flags,0.49801397467069597,0.7941387896045102
Flow Bytes/s,Bwd PSH Flags,0.44532058231408334,0.7678590110170262
Flow Bytes/s,Fwd URG Flags,6.367955458053132e-05,0.011284990001503346
Flow Bytes/s,Bwd URG Flags,0.0016946882710162647,0.058169056115089046
Flow Bytes/s,Fwd Header Length,1.1281921846516823,0.9461878986389624
Flow Bytes/s,Bwd Header Length,1.098767377126959,0.9428273159208019
Flow Bytes/s,Fwd Packets/s,2.0112601723846932,0.9910056638333594
Flow Bytes/s,Bwd Packets/s,2.138926376888092,0.9930395673762584
Flow Bytes/s,Packet Length Min,0.5702173890521212,0.8248151297521571
Flow Bytes/s,Packet Length Max,1.357721434645077,0.9663458804392623
Flow Bytes/s,Packet Length Mean,1.388744476821354,0.9684035911248461
Flow Bytes/s,Packet Length Std,1.2219549286674507,0.9556041385880214
Flow Bytes/s,Packet Length Variance,1.1270050383709433,0.9460563345284122
Flow Bytes/s,FIN Flag Count,0.2951658590861097,0.6677249173157519
Flow Bytes/s,SYN Flag Count,0.5054577475243072,0.7975677454083826
Flow Bytes/s,RST Flag Count,0.25000663147443225,0.627277757153197
Flow Bytes/s,PSH Flag Count,0.5198440179546338,0.8040118380170607
Flow Bytes/s,ACK Flag Count,0.8023656742797125,0.8938995852842392
Flow Bytes/s,URG Flag Count,0.003098500743065058,0.07859923456864808
Flow Bytes/s,CWR Flag Count,0.0015158764647744682,0.05501964928572179
Flow Bytes/s,ECE Flag Count,0.001540619163728385,0.0554661715322897
Flow Bytes/s,Down/Up Ratio,0.4681903899310069,0.779715226896989
Flow Bytes/s,Fwd Bytes/Bulk Avg,0.06369555519284642,0.3458478337885977
Flow Bytes/s,Fwd Packet/Bulk Avg,0.05667822750501306,0.3273647066748233
Flow Bytes/s,Fwd Bulk Rate Avg,0.07121850794408635,0.3643594721559305
Flow Bytes/s,Bwd Bytes/Bulk Avg,0.19533648593441733,0.5686814683545014
Flow Bytes/s,Bwd Packet/Bulk Avg,0.15872211004115755,0.5215292054829134
Flow Bytes/s,Bwd Bulk Rate Avg,0.15023829988271897,0.5094455505590498
Flow Bytes/s,Subflow Fwd Packets,0.05450198991273303,0.32136140297990773
Flow Bytes/s,Subflow Fwd Bytes,0.8777545100006918,0.9094947765416487
Flow Bytes/s,Subflow Bwd Packets,0.0014156019341158288,0.053171418922559006
Flow Bytes/s,Subflow Bwd Bytes,1.1788888922490903,0.9515091809395715
Flow Bytes/s,FWD Init Win Bytes,0.5698884802938866,0.8246876002350881
Flow Bytes/s,Bwd Init Win Bytes,0.6276165264022024,0.8455711571241628
Flow Bytes/s,Fwd Act Data Pkts,0.6521337626006107,0.8535975428408521
Flow Bytes/s,Fwd Seg Size Min,0.5837666444654022,0.8299798359893547
Flow Bytes/s,Active Mean,0.2993650221739559,0.6711862295377843
Flow Bytes/s,Active Std,0.12039968617556074,0.4626020927720385
Flow Bytes/s,Active Max,0.2963586156297975,0.6687128727255659
Flow Bytes/s,Active Min,0.31674861421533995,0.6850310511316755
Flow Bytes/s,Idle Mean,0.3104285661758266,0.6800856228705529
Flow Bytes/s,Idle Std,0.12943445657616826,0.4775728158904676
Flow Bytes/s,Idle Max,0.32634183547351636,0.6923534820403436
Flow Bytes/s,Idle Min,0.29973819753234654,0.6714915697013221
Flow Packets/s,Flow IAT Mean,4.415779504636314,0.9999269721494537
Flow Packets/s,Flow IAT Std,2.5152027211671557,0.9967265623041801
Flow Packets/s,Flow IAT Max,3.441993993021394,0.9994878428545125
Flow Packets/s,Flow IAT Min,1.346556078893725,0.9655723631255065
Flow Packets/s,Fwd IAT Total,1.2745649864338864,0.9601303928480103
Flow Packets/s,Fwd IAT Mean,1.4927450580060713,0.9744153429629745
Flow Packets/s,Fwd IAT Std,0.9226457941629675,0.9176168866862825
Flow Packets/s,Fwd IAT Max,1.2348182375436894,0.9567572245378242
Flow Packets/s,Fwd IAT Min,0.5233290652651084,0.8055376144922025
Flow Packets/s,Bwd IAT Total,0.9800608175348389,0.9269081461292883
Flow Packets/s,Bwd IAT Mean,1.1180279107526152,0.9450506733102912
Flow Packets/s,Bwd IAT Std,0.7073428103111636,0.8700563221666284
Flow Packets/s,Bwd IAT Max,1.04986311610085,0.9367550600508476
Flow Packets/s,Bwd IAT Min,0.49163497432760206,0.7911473597490206
Flow Packets/s,Fwd PSH Flags,0.5366054103398352,0.8112281153981258
Flow Packets/s,Bwd PSH Flags,0.4882310866332533,0.789530723911161
Flow Packets/s,Fwd URG Flags,0.0,0.0
Flow Packets/s,Bwd URG Flags,0.0,0.0
Flow Packets/s,Fwd Header Length,1.3852548205728015,0.968178662364226
Flow Packets/s,Bwd Header Length,1.344995787844403,0.9654628365585454
Flow Packets/s,Fwd Packets/s,6.280495401312946,0.9999982469213843
Flow Packets/s,Bwd Packets/s,6.091576058164106,0.999997442033671
Flow Packets/s,Packet Length Min,0.5177769869330127,0.8031004611563116
Flow Packets/s,Packet Length Max,1.0688826876701727,0.9391921787303309
Flow Packets/s,Packet Length Mean,0.9931642491589416,0.9288712368350202
Flow Packets/s,Packet Length Std,1.1194213149472896,0.9452080259931759
Flow Packets/s,Packet Length Variance,1.0537497357924037,0.9372611670402268
Flow Packets/s,FIN Flag Count,0.4101451090918613,0.7481284302996315
Flow Packets/s,SYN Flag Count,0.5981062693157779,0.8352621526328763
Flow Packets/s,RST Flag Count,0.29940635500119517,0.6712200670186369
Flow Packets/s,PSH Flag Count,0.5556138614830797,0.8190515232626834
Flow Packets/s,ACK Flag Count,1.076484183597977,0.9401388712864999
Flow Packets/s,URG Flag Count,0.0,0.0
Flow Packets/s,CWR Flag Count,0.0003663389066370648,0.027063064690190028
Flow Packets/s,ECE Flag Count,0.002755821127118585,0.07413825612521194
Flow Packets/s,Down/Up Ratio,0.7756627554218456,0.8877123277215746
Flow Packets/s,Fwd Bytes/Bulk Avg,0.08039856766972298,0.3854026651407068
Flow Packets/s,Fwd Packet/Bulk Avg,0.07658330943096958,0.3768464499969184
Flow Packets/s,Fwd Bulk Rate Avg,0.07677819099888983,0.377289800180836
Flow Packets/s,Bwd Bytes/Bulk Avg,0.18120499891117747,0.5513647140494884
Flow Packets/s,Bwd Packet/Bulk Avg,0.15503061154544895,0.5163312369892326
Flow Packets/s,Bwd Bulk Rate Avg,0.1316759829254801,0.4811742158248129
Flow Packets/s,Subflow Fwd Packets,0.09052045285432819,0.4069382923439063
Flow Packets/s,Subflow Fwd Bytes,0.7288328049170101,0.8759115034808616
Flow Packets/s,Subflow Bwd Packets,0.0,0.0
Flow Packets/s,Subflow Bwd Bytes,0.9440887810320762,0.9212234371420466
Flow Packets/s,FWD Init Win Bytes,0.6399313233470179,0.8496614076098614
Flow Packets/s,Bwd Init Win Bytes,0.7165641772042659,0.8726044642836752
Flow Packets/s,Fwd Act Data Pkts,0.6552286867687847,0.854577863012732
Flow Packets/s,Fwd Seg Size Min,0.693044179193381,0.8659956662776742
Flow Packets/s,Active Mean,0.4037031338205841,0.7443027565052946
Flow Packets/s,Active Std,0.14405548882279673,0.5003215065538823
Flow Packets/s,Active Max,0.39314093883259194,0.7378784542744826
Flow Packets/s,Active Min,0.4413376096562618,0.76571877385768
Flow Packets/s,Idle Mean,0.43793746874591744,0.7638733854643462
Flow Packets/s,Idle Std,0.1835928032928189,0.5543635387139758
Flow Packets/s,Idle Max,0.4642222568572629,0.7777095146497074
Flow Packets/s,Idle Min,0.4273933354638486,0.7580409447854709
Flow IAT Mean,Flow IAT Std,3.502976975370755,0.9995466628446554
Flow IAT Mean,Flow IAT Max,4.1855768977034025,0.9998842691253962
Flow IAT Mean,Flow IAT Min,1.84179973971806,0.987353863385499
Flow IAT Mean,Fwd IAT Total,2.044300079221874,0.9915832379373266
Flow IAT Mean,Fwd IAT Mean,2.51195510403011,0.99670519610329
Flow IAT Mean,Fwd IAT Std,1.463806746728832,0.9728696609997596
Flow IAT Mean,Fwd IAT Max,1.5828699386726837,0.9786812963991517
Flow IAT Mean,Fwd IAT Min,0.5536535812298342,0.8182618127664101
Flow IAT Mean,Bwd IAT Total,1.4786442342789106,0.9736736535076779
Flow IAT Mean,Bwd IAT Mean,1.8995600191651247,0.9887413888668406
Flow IAT Mean,Bwd IAT Std,1.1435387725489674,0.9478592504223855
Flow IAT Mean,Bwd IAT Max,1.3554574545853266,0.9661904784153661
Flow IAT Mean,Bwd IAT Min,0.5972491809824994,0.834951591356292
Flow IAT Mean,Fwd PSH Flags,0.5260416309014095,0.8067158756344166
Flow IAT Mean,Bwd PSH Flags,0.47540329937691883,0.7833075996055056
Flow IAT Mean,Fwd URG Flags,0.0002168940410118836,0.020825321355904997
Flow IAT Mean,Bwd URG Flags,0.0032005669173780227,0.07987922271528043
Flow IAT Mean,Fwd Header Length,1.381734899433896,0.967950133419115
Flow IAT Mean,Bwd Header Length,1.3210515093662245,0.963736814092166
Flow IAT Mean,Fwd Packets/s,4.068056892120827,0.9998536028997359
Flow IAT Mean,Bwd Packets/s,4.377688579457696,0.9999211911245053
Flow IAT Mean,Packet Length Min,0.5044021746695249,0.7970854918519441
Flow IAT Mean,Packet Length Max,1.031703894434818,0.9343337878413975
Flow IAT Mean,Packet Length Mean,1.0319300087450038,0.9343645200688496
Flow IAT Mean,Packet Length Std,1.1818487833518034,0.9518026356421361
Flow IAT Mean,Packet Length Variance,1.0414589048699394,0.9356461826483615
Flow IAT Mean,FIN Flag Count,0.39708617116637046,0.7403005171501595
Flow IAT Mean,SYN Flag Count,0.5634575338407559,0.8221731381774522
Flow IAT Mean,RST Flag Count,0.2835935903888118,0.6579373839291972
Flow IAT Mean,PSH Flag Count,0.5372544481263182,0.8115014423450418
Flow IAT Mean,ACK Flag Count,1.058823206876161,0.9379155260404467
Flow IAT Mean,URG Flag Count,0.0,0.0
Flow IAT Mean,CWR Flag Count,0.0,0.0
Flow IAT Mean,ECE Flag Count,0.0,0.0
Flow IAT Mean,Down/Up Ratio,0.7693443099869355,0.886192743741762
Flow IAT Mean,Fwd Bytes/Bulk Avg,0.08576331174733154,0.3970165731055408
Flow IAT Mean,Fwd Packet/Bulk Avg,0.07755150315538106,0.3790422590438231
Flow IAT Mean,Fwd Bulk Rate Avg,0.0724337543874729,0.3672371051968222
Flow IAT Mean,Bwd Bytes/Bulk Avg,0.19558829735262417,0.5689809123063201
Flow IAT Mean,Bwd Packet/Bulk Avg,0.15454909328630073,0.5156465001610683
Flow IAT Mean,Bwd Bulk Rate Avg,0.1455513227673917,0.5025545216099649
Flow IAT Mean,Subflow Fwd Packets,0.08645213050780565,0.39847440525002786
Flow IAT Mean,Subflow Fwd Bytes,0.7064131519036998,0.8697963932713492
Flow IAT Mean,Subflow Bwd Packets,0.0,0.0
Flow IAT Mean,Subflow Bwd Bytes,0.9026264150003636,0.9140936069371741
Flow IAT Mean,FWD Init Win Bytes,0.6109631384121301,0.8398440216634591
Flow IAT Mean,Bwd Init Win Bytes,0.6773897261536113,0.8613917863513789
Flow IAT Mean,Fwd Act Data Pkts,0.6677280513904704,0.8584648067052143
Flow IAT Mean,Fwd Seg Size Min,0.6502120339482,0.8529852017757641
Flow IAT Mean,Active Mean,0.5077575946020261,0.7986139417144736
Flow IAT Mean,Active Std,0.24568680631391793,0.6230686474827714
Flow IAT Mean,Active Max,0.4974450633487315,0.7938740016452892
Flow IAT Mean,Active Min,0.5174703084410561,0.8029648336002354
Flow IAT Mean,Idle Mean,0.7857840623357348,0.8901015687924363
Flow IAT Mean,Idle Std,0.27282041988832817,0.6484826006155238
Flow IAT Mean,Idle Max,0.770781560506606,0.8865403208033825
Flow IAT Mean,Idle Min,0.72211385281717,0.8741119995488882
Flow IAT Std,Flow IAT Max,3.5621252344883763,0.9995972506922046
Flow IAT Std,Flow IAT Min,0.52808134338777,0.8075965429378965
Flow IAT Std,Fwd IAT Total,1.8478891845633618,0.9875079135395578
Flow IAT Std,Fwd IAT Mean,2.110004292171747,0.9926235347163445
Flow IAT Std,Fwd IAT Std,1.9251181989161399,0.9893054601338443
Flow IAT Std,Fwd IAT Max,2.0800476589039096,0.9921662812690848
Flow IAT Std,Fwd IAT Min,0.7106968553635231,0.8709894533655294
Flow IAT Std,Bwd IAT Total,1.6526432612773192,0.9814842341114155
Flow IAT Std,Bwd IAT Mean,1.8933257036267412,0.9885993161315779
Flow IAT Std,Bwd IAT Std,1.4436694255480211,0.9717384904639499
Flow IAT Std,Bwd IAT Max,1.842084113781246,0.9873610998283768
Flow IAT Std,Bwd IAT Min,0.8465288100199073,0.9033514293670599
Flow IAT Std,Fwd PSH Flags,0.6042236989306673,0.837460076204848
Flow IAT Std,Bwd PSH Flags,0.5549526012426176,0.818785561715327
Flow IAT Std,Fwd URG Flags,0.0015633903457437093,0.055873942081471166
Flow IAT Std,Bwd URG Flags,0.0,0.0
Flow IAT Std,Fwd Header Length,1.385598401802158,0.9682008802476173
Flow IAT Std,Bwd Header Length,1.347321122979051,0.9656259370702898
Flow IAT Std,Fwd Packets/s,2.4170840806890848,0.9960154108057929
Flow IAT Std,Bwd Packets/s,2.5181755167241655,0.996745998757619
Flow IAT Std,Packet Length Min,0.4862304650117788,0.7885738467452714
Flow IAT Std,Packet Length Max,0.9983961868200204,0.9296396693198306
Flow IAT Std,Packet Length Mean,0.9894635591260466,0.9283224392591091
Flow IAT Std,Packet Length Std,1.2228613433075264,0.9556864121002796
Flow IAT Std,Packet Length Variance,1.104259797298119,0.9434706300581428
Flow IAT Std,FIN Flag Count,0.45907627549131425,0.7750767928401423
Flow IAT Std,SYN Flag Count,0.530348174250244,0.8085699472989459
Flow IAT Std,RST Flag Count,0.22570386288042332,0.6027178630654801
Flow IAT Std,PSH Flag Count,0.6224488755393707,0.8438184927558459
Flow IAT Std,ACK Flag Count,1.041903437752782,0.9357053368719574
Flow IAT Std,URG Flag Count,0.0,0.0
Flow IAT Std,CWR Flag Count,0.0002652719714943963,0.02303048478510804
Flow IAT Std,ECE Flag Count,0.0021272039036537294,0.06515650876845218
Flow IAT Std,Down/Up Ratio,0.7517396414097481,0.8818417226511296
Flow IAT Std,Fwd Bytes/Bulk Avg,0.09195428282166862,0.40986354458602753
Flow IAT Std,Fwd Packet/Bulk Avg,0.0799889594968084,0.3844962868918286
Flow IAT Std,Fwd Bulk Rate Avg,0.08359636006641535,0.39238176900940297
Flow IAT Std,Bwd Bytes/Bulk Avg,0.20672532689148015,0.5819242481671749
Flow IAT Std,Bwd Packet/Bulk Avg,0.16324947943685997,0.5277829798660599
Flow IAT Std,Bwd Bulk Rate Avg,0.16504800846586054,0.5302313571500994
Flow IAT Std,Subflow Fwd Packets,0.041540975829266635,0.28235487244305535
Flow IAT Std,Subflow Fwd Bytes,0.6596956233649465,0.8559801569183124
Flow IAT Std,Subflow Bwd Packets,0.0011931955011164064,0.0488215714095962
Flow IAT Std,Subflow Bwd Bytes,0.8235731883390036,0.8985551015878463
Flow IAT Std,FWD Init Win Bytes,0.5543624735849928,0.8185478396728553
Flow IAT Std,Bwd Init Win Bytes,0.7459127568069084,0.8803626468749421
Flow IAT Std,Fwd Act Data Pkts,0.8593107022337638,0.9059176684770285
Flow IAT Std,Fwd Seg Size Min,0.6037994011675649,0.8373086823896373
Flow IAT Std,Active Mean,0.5502867322739928,0.8168964140842311
Flow IAT Std,Active Std,0.2668583569187586,0.6431008055554592
Flow IAT Std,Active Max,0.5380767062508687,0.8118470760306621
Flow IAT Std,Active Min,0.5582739415179745,0.8201170056568023
Flow IAT Std,Idle Mean,0.951959806416482,0.9225055470931942
Flow IAT Std,Idle Std,0.3026912558073951,0.6738949571161936
Flow IAT Std,Idle Max,0.9401926366422413,0.9205806166821568
Flow IAT Std,Idle Min,0.870488143114247,0.9081028983066065
Flow IAT Max,Flow IAT Min,1.6344648818942833,0.9807919633113585
Flow IAT Max,Fwd IAT Total,1.9610957548684431,0.9900516853160636
Flow IAT Max,Fwd IAT Mean,1.7301686387185797,0.9841650454795446
Flow IAT Max,Fwd IAT Std,1.6529520266115236,0.9814957723859632
Flow IAT Max,Fwd IAT Max,3.412182702874733,0.9994563694805771
Flow IAT Max,Fwd IAT Min,0.6056718225286604,0.8379756099142976
Flow IAT Max,Bwd IAT Total,1.6592792060896855,0.9817306214945085
Flow IAT Max,Bwd IAT Mean,1.4839772173936403,0.9739566920519481
Flow IAT Max,Bwd IAT Std,1.237350727360993,0.9569806056176363
Flow IAT Max,Bwd IAT Max,2.5096985443769078,0.9966902679100643
Flow IAT Max,Bwd IAT Min,0.6541788849166514,0.8542461430631944
Flow IAT Max,Fwd PSH Flags,0.6126051293473278,0.8404189778284469
Flow IAT Max,Bwd PSH Flags,0.5458595379013049,0.8150834260488103
Flow IAT Max,Fwd URG Flags,0.0,0.0
Flow IAT Max,Bwd URG Flags,0.0,0.0
Flow IAT Max,Fwd Header Length,1.312372734097604,0.9630897166914907
Flow IAT Max,Bwd Header Length,1.2494769814771085,0.9580339725200453
Flow IAT Max,Fwd Packets/s,3.303776687873162,0.999324706301234
Flow IAT Max,Bwd Packets/s,3.4954231302127345,0.9995397603816701
Flow IAT Max,Packet Length Min,0.5545240994085523,0.8186129824224152
Flow IAT Max,Packet Length Max,1.183853570042329,0.9520003621848813
Flow IAT Max,Packet Length Mean,1.0621721196210974,0.9383435866432277
Flow IAT Max,Packet Length Std,1.162554744909662,0.9498564426555091
Flow IAT Max,Packet Length Variance,1.0688625288749858,0.9391896476860738
Flow IAT Max,FIN Flag Count,0.4736201994464011,0.7824258761314001
Flow IAT Max,SYN Flag Count,0.6681154376539635,0.8585834497453111
Flow IAT Max,RST Flag Count,0.34578217597610905,0.7065465016748325
Flow IAT Max,PSH Flag Count,0.6088403572525252,0.8390973217594223
Flow IAT Max,ACK Flag Count,0.9573157779450145,0.9233655127745112
Flow IAT Max,URG Flag Count,0.0,0.0
Flow IAT Max,CWR Flag Count,0.0004572164949696589,0.030232681381301606
Flow IAT Max,ECE Flag Count,0.0007043952256864383,0.0375206419447091
Flow IAT Max,Down/Up Ratio,0.6548577781310168,0.8544607563098079
Flow IAT Max,Fwd Bytes/Bulk Avg,0.08107737723426789,0.38689842963410537
Flow IAT Max,Fwd Packet/Bulk Avg,0.07528891385039072,0.3738839670606355
Flow IAT Max,Fwd Bulk Rate Avg,0.08547957665100236,0.39641392425971994
Flow IAT Max,Bwd Bytes/Bulk Avg,0.2275435962851251,0.6046547351912064
Flow IAT Max,Bwd Packet/Bulk Avg,0.16347267022284906,0.5280879110339359
Flow IAT Max,Bwd Bulk Rate Avg,0.1834568254815223,0.5541935843430909
Flow IAT Max,Subflow Fwd Packets,0.08505717722798023,0.3955144178391778
Flow IAT Max,Subflow Fwd Bytes,0.7433670577040052,0.8797102364729297
Flow IAT Max,Subflow Bwd Packets,0.0007644412331264672,0.0390859862463514
Flow IAT Max,Subflow Bwd Bytes,0.9119073753498812,0.915746230942298
Flow IAT Max,FWD Init Win Bytes,0.7782847115895994,0.8883365369713335
Flow IAT Max,Bwd Init Win Bytes,0.8213281487395645,0.898072682280517
Flow IAT Max,Fwd Act Data Pkts,0.6762142031649261,0.8610392071631175
Flow IAT Max,Fwd Seg Size Min,0.7698484200322457,0.8863147843513017
Flow IAT Max,Active Mean,0.5912656827704259,0.8327653406255932
Flow IAT Max,Active Std,0.29167046307578115,0.6648075595789315
Flow IAT Max,Active Max,0.5895799609749157,0.8321436263150921
Flow IAT Max,Active Min,0.6674060437032181,0.8583661043879849
Flow IAT Max,Idle Mean,1.637356936618089,0.9809038224026406
Flow IAT Max,Idle Std,0.3873802979062604,0.7342927967664871
Flow IAT Max,Idle Max,2.3469432165126882,0.9954139581071304
Flow IAT Max,Idle Min,1.5180698353838793,0.9756946731449014
Flow IAT Min,Fwd IAT Total,0.6826240943507962,0.862949997824634
Flow IAT Min,Fwd IAT Mean,0.7103587001185483,0.870895703635185
Flow IAT Min,Fwd IAT Std,0.1835721700267765,0.5543377561741645
Flow IAT Min,Fwd IAT Max,0.7057367336832279,0.8696069164321711
Flow IAT Min,Fwd IAT Min,0.919718312763778,0.917111266423602
Flow IAT Min,Bwd IAT Total,0.49438465636047546,0.7924428892748435
Flow IAT Min,Bwd IAT Mean,0.5239943837844097,0.8058273614772169
Flow IAT Min,Bwd IAT Std,0.1419495533535482,0.49714927572784895
Flow IAT Min,Bwd IAT Max,0.5153845976841733,0.8020396137004857
Flow IAT Min,Bwd IAT Min,0.6723898273817834,0.8598853860434926
Flow IAT Min,Fwd PSH Flags,0.17352687851306214,0.5415096180803213
Flow IAT Min,Bwd PSH Flags,0.17302351785565762,0.5408519117688043
Flow IAT Min,Fwd URG Flags,0.0,0.0
Flow IAT Min,Bwd URG Flags,0.0,0.0
Flow IAT Min,Fwd Header Length,0.7092074754068056,0.8705759878941117
Flow IAT Min,Bwd Header Length,0.7037883123038915,0.8690594620315204
Flow IAT Min,Fwd Packets/s,1.2800339915630605,0.9605730137766643
Flow IAT Min,Bwd Packets/s,1.3869650120718973,0.968289096898515
Flow IAT Min,Packet Length Min,0.409864828286044,0.7479634092619177
Flow IAT Min,Packet Length Max,0.5595227970143872,0.8206148020495184
Flow IAT Min,Packet Length Mean,0.5000090595166808,0.7950642894684923
Flow IAT Min,Packet Length Std,0.5994112494609629,0.8357337630444104
Flow IAT Min,Packet Length Variance,0.5548813983333973,0.8187568974785105
Flow IAT Min,FIN Flag Count,0.15639442391749814,0.5182621596511727
Flow IAT Min,SYN Flag Count,0.3635185048615668,0.7187913471602305
Flow IAT Min,RST Flag Count,0.15343428409337712,0.5140551573966974
Flow IAT Min,PSH Flag Count,0.1775082576553082,0.5466608974428427
Flow IAT Min,ACK Flag Count,0.44189821611131563,0.7660214084455923
Flow IAT Min,URG Flag Count,0.0029770417082719547,0.07704799146885716
Flow IAT Min,CWR Flag Count,0.00044316698677082655,0.02976476600963769
Flow IAT Min,ECE Flag Count,0.0,0.0
Flow IAT Min,Down/Up Ratio,0.19646212627491444,0.570017647771407
Flow IAT Min,Fwd Bytes/Bulk Avg,0.03378109784417127,0.2555981486828517
Flow IAT Min,Fwd Packet/Bulk Avg,0.025042342310683807,0.2210229096545561
Flow IAT Min,Fwd Bulk Rate Avg,0.023604999993842135,0.21473923655266278
Flow IAT Min,Bwd Bytes/Bulk Avg,0.08692580579714004,0.3994726558512326
Flow IAT Min,Bwd Packet/Bulk Avg,0.0995277460618631,0.4248477185643431
Flow IAT Min,Bwd Bulk Rate Avg,0.07197816724752926,0.3661617698361716
Flow IAT Min,Subflow Fwd Packets,0.03349615429136055,0.25455373825389127
Flow IAT Min,Subflow Fwd Bytes,0.3673019197546239,0.721321386259028
Flow IAT Min,Subflow Bwd Packets,0.003902486708066366,0.08817365649742122
Flow IAT Min,Subflow Bwd Bytes,0.4222823874579591,0.7551527308845859
Flow IAT Min,FWD Init Win Bytes,0.313852551471852,0.6827770881495467
Flow IAT Min,Bwd Init Win Bytes,0.22194518066315538,0.5987188371006629
Flow IAT Min,Fwd Act Data Pkts,0.35958268531773996,0.7161293994310435
Flow IAT Min,Fwd Seg Size Min,0.36169478088712115,0.7175617240748149
Flow IAT Min,Active Mean,0.11425789967221966,0.4519803918866952
Flow IAT Min,Active Std,0.017790075197162913,0.18696154053116962
Flow IAT Min,Active Max,0.12186082684084276,0.46507446122623386
Flow IAT Min,Active Min,0.11876781463477126,0.45981649127622454
Flow IAT Min,Idle Mean,0.08522298059336553,0.3958678331012602
Flow IAT Min,Idle Std,0.035305871614141004,0.26110609198231255
Flow IAT Min,Idle Max,0.0901746437665647,0.40622836817986197
Flow IAT Min,Idle Min,0.08094476520408822,0.38660683177829086
Fwd IAT Total,Fwd IAT Mean,3.5251086551092783,0.999566295709816
Fwd IAT Total,Fwd IAT Std,1.7237686965551866,0.9839593946197013
Fwd IAT Total,Fwd IAT Max,3.04613479221552,0.9988692240688088
Fwd IAT Total,Fwd IAT Min,1.3254635952666614,0.9640613381502617
Fwd IAT Total,Bwd IAT Total,2.9816107478115796,0.9987133652005743
Fwd IAT Total,Bwd IAT Mean,1.987298235708164,0.9905620217791558
Fwd IAT Total,Bwd IAT Std,1.255460008469437,0.9585439450188824
Fwd IAT Total,Bwd IAT Max,1.9566915915942253,0.9899632240961055
Fwd IAT Total,Bwd IAT Min,0.7341131601831306,0.8773062970155722
Fwd IAT Total,Fwd PSH Flags,0.7366997086786573,0.8779833714192752
Fwd IAT Total,Bwd PSH Flags,0.6572255559951747,0.8552065680136747
Fwd IAT Total,Fwd URG Flags,0.0011063750769473302,0.04701386845363423
Fwd IAT Total,Bwd URG Flags,0.0,0.0
Fwd IAT Total,Fwd Header Length,1.4758161616809424,0.9735222954227745
Fwd IAT Total,Bwd Header Length,1.3558659188897,0.9662185697436622
Fwd IAT Total,Fwd Packets/s,1.2965809954545957,0.961881904374037
Fwd IAT Total,Bwd Packets/s,1.3168151578402965,0.9634224052507954
Fwd IAT Total,Packet Length Min,0.4987807831691278,0.7944950689766698
Fwd IAT Total,Packet Length Max,0.9825265820805278,0.9272818150143174
Fwd IAT Total,Packet Length Mean,0.9301483313918952,0.9188980057973157
Fwd IAT Total,Packet Length Std,1.222263017504578,0.9556321207472013
Fwd IAT Total,Packet Length Variance,1.1453214550359787,0.9480499050421738
Fwd IAT Total,FIN Flag Count,0.6102430845638462,0.8395911683575513
Fwd IAT Total,SYN Flag Count,0.6323145839363935,0.8471458086139785
Fwd IAT Total,RST Flag Count,0.27056091479713773,0.6464558185242091
Fwd IAT Total,PSH Flag Count,0.7278289870887589,0.8756444238384585
Fwd IAT Total,ACK Flag Count,0.9708758342790818,0.9254985421787508
Fwd IAT Total,URG Flag Count,0.006335871956969719,0.11221316954326388
Fwd IAT Total,CWR Flag Count,0.0,0.0
Fwd IAT Total,ECE Flag Count,0.0016749314011881289,0.05782956226586518
Fwd IAT Total,Down/Up Ratio,0.7350752522055863,0.8775586117229327
Fwd IAT Total,Fwd Bytes/Bulk Avg,0.14113887714796558,0.4959191356770237
Fwd IAT Total,Fwd Packet/Bulk Avg,0.12762462550878384,0.4746331495958826
Fwd IAT Total,Fwd Bulk Rate Avg,0.15648351577340547,0.5183878652661508
Fwd IAT Total,Bwd Bytes/Bulk Avg,0.2559360571957203,0.6329514720316692
Fwd IAT Total,Bwd Packet/Bulk Avg,0.18650642107772963,0.5579817300281761
Fwd IAT Total,Bwd Bulk Rate Avg,0.20337667036032547,0.5780930739347848
Fwd IAT Total,Subflow Fwd Packets,0.04566568963434481,0.29544000087557337
Fwd IAT Total,Subflow Fwd Bytes,0.6241516323844989,0.8443984057972578
Fwd IAT Total,Subflow Bwd Packets,0.0,0.0
Fwd IAT Total,Subflow Bwd Bytes,0.722952786400409,0.8743382137622294
Fwd IAT Total,FWD Init Win Bytes,0.6486140232710627,0.8524738784983312
Fwd IAT Total,Bwd Init Win Bytes,0.8823002505541506,0.9103542227732645
Fwd IAT Total,Fwd Act Data Pkts,0.8907920253822392,0.9119368249250264
Fwd IAT Total,Fwd Seg Size Min,0.6684953944132119,0.8586997122193575
Fwd IAT Total,Active Mean,0.5896952001432534,0.8321862094880252
Fwd IAT Total,Active Std,0.3143125617760396,0.6831364779189868
Fwd IAT Total,Active Max,0.5832852927806416,0.8297992857806102
Fwd IAT Total,Active Min,0.589656028068021,0.8321717359698297
Fwd IAT Total,Idle Mean,0.9958056388855416,0.9292602711322282
Fwd IAT Total,Idle Std,0.35736114178042433,0.7146131909262203
Fwd IAT Total,Idle Max,0.9554199685345304,0.923062261925017
Fwd IAT Total,Idle Min,0.914365652391115,0.9161783598972805
Fwd IAT Mean,Fwd IAT Std,1.9410949668907422,0.9896435465739064
Fwd IAT Mean,Fwd IAT Max,2.7758926547024183,0.998057852470929
Fwd IAT Mean,Fwd IAT Min,1.4042557133209046,0.9693839906477597
Fwd IAT Mean,Bwd IAT Total,1.9382435214652514,0.9895840044089655
Fwd IAT Mean,Bwd IAT Mean,2.140294939942783,0.9930586594021458
Fwd IAT Mean,Bwd IAT Std,1.2741472218945686,0.9600963741714236
Fwd IAT Mean,Bwd IAT Max,1.7265490634212508,0.9840490655622025
Fwd IAT Mean,Bwd IAT Min,0.7790945145893104,0.88852857788308
Fwd IAT Mean,Fwd PSH Flags,0.7144548057176445,0.8720263732992466
Fwd IAT Mean,Bwd PSH Flags,0.6492668537063389,0.8526830023527067
Fwd IAT Mean,Fwd URG Flags,0.0,0.0
Fwd IAT Mean,Bwd URG Flags,0.003159211992456168,0.0793631193877567
Fwd IAT Mean,Fwd Header Length,1.6549501397895634,0.9815702647576875
Fwd IAT Mean,Bwd Header Length,1.387306047227801,0.9683110723890008
Fwd IAT Mean,Fwd Packets/s,1.5565296968058018,0.9775148530944494
Fwd IAT Mean,Bwd Packets/s,1.4112017019980696,0.9698129419828233
Fwd IAT Mean,Packet Length Min,0.5180372063498897,0.8032154591723114
Fwd IAT Mean,Packet Length Max,0.987612990662285,0.928046357505567
Fwd IAT Mean,Packet Length Mean,0.9650562215696112,0.9245907859793504
Fwd IAT Mean,Packet Length Std,1.2377441162304494,0.9570151988433446
Fwd IAT Mean,Packet Length Variance,1.1525710358942334,0.9488178809712998
Fwd IAT Mean,FIN Flag Count,0.5714549714234489,0.8252940569848222
Fwd IAT Mean,SYN Flag Count,0.6216244522982106,0.8435368623534172
Fwd IAT Mean,RST Flag Count,0.2687391727912076,0.6448103625021357
Fwd IAT Mean,PSH Flag Count,0.7246584246598711,0.8747967822903119
Fwd IAT Mean,ACK Flag Count,1.039847439493431,0.9354312712072865
Fwd IAT Mean,URG Flag Count,0.0,0.0
Fwd IAT Mean,CWR Flag Count,0.0004077147461032382,0.028549905777888893
Fwd IAT Mean,ECE Flag Count,0.0,0.0
Fwd IAT Mean,Down/Up Ratio,0.8516352376343823,0.9043854056576959
Fwd IAT Mean,Fwd Bytes/Bulk Avg,0.12261505795499783,0.4663427428441338
Fwd IAT Mean,Fwd Packet/Bulk Avg,0.11440522204498782,0.4522396410990696
Fwd IAT Mean,Fwd Bulk Rate Avg,0.13634304958560906,0.4885368637203027
Fwd IAT Mean,Bwd Bytes/Bulk Avg,0.23281061738199016,0.6101270302079379
Fwd IAT Mean,Bwd Packet/Bulk Avg,0.187046833835264,0.5586479449060872
Fwd IAT Mean,Bwd Bulk Rate Avg,0.18061534131490342,0.550619436578617
Fwd IAT Mean,Subflow Fwd Packets,0.04768111248564777,0.3015897933717923
Fwd IAT Mean,Subflow Fwd Bytes,0.6535156501170709,0.8540361460228206
Fwd IAT Mean,Subflow Bwd Packets,0.00018772279931500435,0.019374600066862712
Fwd IAT Mean,Subflow Bwd Bytes,0.7648330128511835,0.8850943470948035
Fwd IAT Mean,FWD Init Win Bytes,0.6393208629310965,0.8494614718039808
Fwd IAT Mean,Bwd Init Win Bytes,0.8491532554215597,0.9038843074601194
Fwd IAT Mean,Fwd Act Data Pkts,0.8608244219670662,0.9062167847384441
Fwd IAT Mean,Fwd Seg Size Min,0.6706819411322558,0.8593667521229865
Fwd IAT Mean,Active Mean,0.5326979744973479,0.8095731053224443
Fwd IAT Mean,Active Std,0.2622041286255832,0.6388227324117355
Fwd IAT Mean,Active Max,0.5213194816057527,0.8046594573321986
Fwd IAT Mean,Active Min,0.5389613769294064,0.8122181466103542
Fwd IAT Mean,Idle Mean,0.8323416379482649,0.9004162433487254
Fwd IAT Mean,Idle Std,0.2877514005176658,0.6614967790300963
Fwd IAT Mean,Idle Max,0.8141054640748431,0.8965040881316454
Fwd IAT Mean,Idle Min,0.7642871005709106,0.8849606636309882
Fwd IAT Std,Fwd IAT Max,2.01253517703958,0.9910286739379616
Fwd IAT Std,Fwd IAT Min,0.221723440793693,0.5984811397983338
Fwd IAT Std,Bwd IAT Total,1.2668763749346637,0.9594995361483246
Fwd IAT Std,Bwd IAT Mean,1.3124771576276846,0.9630975721588918
Fwd IAT Std,Bwd IAT Std,1.4744846342200697,0.9734507270798088
Fwd IAT Std,Bwd IAT Max,1.3755740811534727,0.9675461209847886
Fwd IAT Std,Bwd IAT Min,0.2685557853315368,0.6446441554797869
Fwd IAT Std,Fwd PSH Flags,0.7150490184980445,0.8721895079248133
Fwd IAT Std,Bwd PSH Flags,0.6577159762065357,0.8553605203946363
Fwd IAT Std,Fwd URG Flags,0.0,0.0
Fwd IAT Std,Bwd URG Flags,0.0,0.0
Fwd IAT Std,Fwd Header Length,1.2104879872243925,0.9545496977270963
Fwd IAT Std,Bwd Header Length,1.0020406885124782,0.9301698476234711
Fwd IAT Std,Fwd Packets/s,0.8926823781384314,0.9122851159971593
Fwd IAT Std,Bwd Packets/s,0.8819853776411861,0.9102949685213684
Fwd IAT Std,Packet Length Min,0.3504240937391554,0.7098138594508254
Fwd IAT Std,Packet Length Max,0.8412989193087874,0.9022802032184711
Fwd IAT Std,Packet Length Mean,0.8160272495571883,0.8969239375702694
Fwd IAT Std,Packet Length Std,0.898595922001074,0.9133653564436726
Fwd IAT Std,Packet Length Variance,0.8048527748738303,0.8944571092569938
Fwd IAT Std,FIN Flag Count,0.5597573506340341,0.8207081233777871
Fwd IAT Std,SYN Flag Count,0.5223580993236903,0.8051138775622706
Fwd IAT Std,RST Flag Count,0.15304004503625102,0.513490365479196
Fwd IAT Std,PSH Flag Count,0.7202557354886441,0.8736094047141358
Fwd IAT Std,ACK Flag Count,0.9004279964108148,0.9136971850116552
Fwd IAT Std,URG Flag Count,0.0,0.0
Fwd IAT Std,CWR Flag Count,0.000668898922036476,0.036563689521808496
Fwd IAT Std,ECE Flag Count,0.0012737000569842394,0.05043964951962612
Fwd IAT Std,Down/Up Ratio,0.7762869209643304,0.8878612596992689
Fwd IAT Std,Fwd Bytes/Bulk Avg,0.1321982496713261,0.4820071586477693
Fwd IAT Std,Fwd Packet/Bulk Avg,0.12171100610778529,0.4648218890717767
Fwd IAT Std,Fwd Bulk Rate Avg,0.13734867834399278,0.4900999516044665
Fwd IAT Std,Bwd Bytes/Bulk Avg,0.23287875732393726,0.610197128949316
Fwd IAT Std,Bwd Packet/Bulk Avg,0.1853403079239495,0.5565389780993636
Fwd IAT Std,Bwd Bulk Rate Avg,0.19688682751919817,0.5705201923166417
Fwd IAT Std,Subflow Fwd Packets,0.024969888745706825,0.22071087048926893
Fwd IAT Std,Subflow Fwd Bytes,0.4580215492780244,0.7745327200365992
Fwd IAT Std,Subflow Bwd Packets,0.0,0.0
Fwd IAT Std,Subflow Bwd Bytes,0.6368901664276052,0.848662483608073
Fwd IAT Std,FWD Init Win Bytes,0.558575351495298,0.8202372898283221
Fwd IAT Std,Bwd Init Win Bytes,0.8115659215094562,0.8959464934074659
Fwd IAT Std,Fwd Act Data Pkts,0.5919526416300798,0.8330179660546001
Fwd IAT Std,Fwd Seg Size Min,0.5932928915971365,0.8335096180766869
Fwd IAT Std,Active Mean,0.48634534852737055,0.78862892952794
Fwd IAT Std,Active Std,0.27895519938243396,0.6539083185306794
Fwd IAT Std,Active Max,0.4798944173766966,0.7855101856862541
Fwd IAT Std,Active Min,0.49264650413068534,0.7916250234883438
Fwd IAT Std,Idle Mean,0.8044427594230861,0.89436541232481
Fwd IAT Std,Idle Std,0.31572110204738824,0.6842336965194493
Fwd IAT Std,Idle Max,0.7942612694182518,0.8920610256091288
Fwd IAT Std,Idle Min,0.7208285339725942,0.8737645687511073
Fwd IAT Max,Fwd IAT Min,1.3936724432217171,0.9687184777308536
Fwd IAT Max,Bwd IAT Total,1.9243821289219643,0.9892896193935515
Fwd IAT Max,Bwd IAT Mean,1.726421286646639,0.9840449556730669
Fwd IAT Max,Bwd IAT Std,1.306168999398409,0.962619955688459
Fwd IAT Max,Bwd IAT Max,2.53775648749275,0.996871164889938
Fwd IAT Max,Bwd IAT Min,0.7974250634873443,0.8927827612042338
Fwd IAT Max,Fwd PSH Flags,0.7277747566440116,0.8756299774832645
Fwd IAT Max,Bwd PSH Flags,0.659232082115853,0.8558353269542109
Fwd IAT Max,Fwd URG Flags,0.004022616205582974,0.08951511684392752
Fwd IAT Max,Bwd URG Flags,0.0,0.0
Fwd IAT Max,Fwd Header Length,1.4752623959886293,0.9734925548268211
Fwd IAT Max,Bwd Header Length,1.3692065659668096,0.9671231085768621
Fwd IAT Max,Fwd Packets/s,1.2238730299453717,0.9557780566448177
Fwd IAT Max,Bwd Packets/s,1.1900105840866484,0.9526024257766641
Fwd IAT Max,Packet Length Min,0.5088680392584646,0.7991168728111724
Fwd IAT Max,Packet Length Max,1.0276883778916304,0.9337855294708437
Fwd IAT Max,Packet Length Mean,0.9350503939646657,0.9197238015876398
Fwd IAT Max,Packet Length Std,1.2058042086703011,0.9541116547820213
Fwd IAT Max,Packet Length Variance,1.1229403605213717,0.945603358269175
Fwd IAT Max,FIN Flag Count,0.596573140006825,0.8347061740751
Fwd IAT Max,SYN Flag Count,0.6264857879646386,0.8451895114075881
Fwd IAT Max,RST Flag Count,0.2759310609184431,0.6512476800685939
Fwd IAT Max,PSH Flag Count,0.727185550947735,0.8754729035705779
Fwd IAT Max,ACK Flag Count,0.960268441845213,0.9238353357774348
Fwd IAT Max,URG Flag Count,0.002190321628587011,0.06611400936982421
Fwd IAT Max,CWR Flag Count,0.0002810761492839653,0.023706419395776977
Fwd IAT Max,ECE Flag Count,0.00024546240602019154,0.022154104093188565
Fwd IAT Max,Down/Up Ratio,0.7414975464029068,0.8792286890317185
Fwd IAT Max,Fwd Bytes/Bulk Avg,0.12622773651095898,0.4723443609603014
Fwd IAT Max,Fwd Packet/Bulk Avg,0.11705902482570973,0.45687153399730196
Fwd IAT Max,Fwd Bulk Rate Avg,0.14444685199919416,0.5009073500789378
Fwd IAT Max,Bwd Bytes/Bulk Avg,0.26483314476770126,0.6412476697078838
Fwd IAT Max,Bwd Packet/Bulk Avg,0.19521559813049683,0.5685376038231593
Fwd IAT Max,Bwd Bulk Rate Avg,0.21475451263762402,0.5909073051972713
Fwd IAT Max,Subflow Fwd Packets,0.043546009556178156,0.2888031376190965
Fwd IAT Max,Subflow Fwd Bytes,0.6288935861838638,0.846000946245825
Fwd IAT Max,Subflow Bwd Packets,0.0005841614643791182,0.03417075804305496
Fwd IAT Max,Subflow Bwd Bytes,0.7240121391782903,0.8746232378514242
Fwd IAT Max,FWD Init Win Bytes,0.7155370708308952,0.8723233296399457
Fwd IAT Max,Bwd Init Win Bytes,0.9349870406761029,0.919713185431302
Fwd IAT Max,Fwd Act Data Pkts,0.8908963652110771,0.9119560870122149
Fwd IAT Max,Fwd Seg Size Min,0.6983270470203515,0.8675117082375436
Fwd IAT Max,Active Mean,0.5824842505250567,0.8294983499539401
Fwd IAT Max,Active Std,0.29645816583284024,0.6687951573500387
Fwd IAT Max,Active Max,0.5800091955528788,0.828564773823921
Fwd IAT Max,Active Min,0.660835432162044,0.8563356072212552
Fwd IAT Max,Idle Mean,1.5297327078449912,0.9762618668435371
Fwd IAT Max,Idle Std,0.3902846248485785,0.7361079145885067
Fwd IAT Max,Idle Max,1.7843143834303214,0.985801963681101
Fwd IAT Max,Idle Min,1.4224915530541078,0.970497166991162
Fwd IAT Min,Bwd IAT Total,0.6159363049120277,0.8415784337213621
Fwd IAT Min,Bwd IAT Mean,0.6775307108852155,0.86143400713062
Fwd IAT Min,Bwd IAT Std,0.13586547101299207,0.487791685422737
Fwd IAT Min,Bwd IAT Max,0.6862765627842657,0.8640260296630972
Fwd IAT Min,Bwd IAT Min,0.740254248484419,0.878907296172735
Fwd IAT Min,Fwd PSH Flags,0.25712107702205955,0.6340713054126774
Fwd IAT Min,Bwd PSH Flags,0.22608580467996475,0.6031210701318279
Fwd IAT Min,Fwd URG Flags,0.00010244481424148688,0.014313233039273428
Fwd IAT Min,Bwd URG Flags,0.0,0.0
Fwd IAT Min,Fwd Header Length,0.7935115309289023,0.8918892362989593
Fwd IAT Min,Bwd Header Length,0.7694044649722231,0.8862073140843495
Fwd IAT Min,Fwd Packets/s,0.5454551219202965,0.8149168092774663
Fwd IAT Min,Bwd Packets/s,0.4876805570106253,0.7892679084403551
Fwd IAT Min,Packet Length Min,0.2749348997100727,0.6503653323549471
Fwd IAT Min,Packet Length Max,0.4909578085654198,0.7908268870870006
Fwd IAT Min,Packet Length Mean,0.4245987050592177,0.7564667153649599
Fwd IAT Min,Packet Length Std,0.5868681557524544,0.8311380887906292
Fwd IAT Min,Packet Length Variance,0.5770112810924326,0.8274263492278057
Fwd IAT Min,FIN Flag Count,0.2086287798311206,0.58407944271698
Fwd IAT Min,SYN Flag Count,0.337824865034535,0.7008382739135135
Fwd IAT Min,RST Flag Count,0.10520163693065143,0.43559450818952733
Fwd IAT Min,PSH Flag Count,0.24863894982327128,0.6259521178006884
Fwd IAT Min,ACK Flag Count,0.47472615243014804,0.7829732449775609
Fwd IAT Min,URG Flag Count,0.0007539963816896034,0.038818247173416615
Fwd IAT Min,CWR Flag Count,5.355353259250961e-05,0.010348977216524818
Fwd IAT Min,ECE Flag Count,0.0,0.0
Fwd IAT Min,Down/Up Ratio,0.2728318522383253,0.648492816124087
Fwd IAT Min,Fwd Bytes/Bulk Avg,0.026108807552104096,0.22556085427365166
Fwd IAT Min,Fwd Packet/Bulk Avg,0.03167474992436503,0.24775921692951625
Fwd IAT Min,Fwd Bulk Rate Avg,0.012654178268590499,0.15808473928725825
Fwd IAT Min,Bwd Bytes/Bulk Avg,0.06781856685808485,0.3561468585814961
Fwd IAT Min,Bwd Packet/Bulk Avg,0.05569436105100323,0.32466762378866354
Fwd IAT Min,Bwd Bulk Rate Avg,0.05002184386423547,0.30854839392223093
Fwd IAT Min,Subflow Fwd Packets,0.0329947721156687,0.25270407137491013
Fwd IAT Min,Subflow Fwd Bytes,0.3236883918847555,0.6903499015321658
Fwd IAT Min,Subflow Bwd Packets,0.0,0.0
Fwd IAT Min,Subflow Bwd Bytes,0.32922539359918,0.6945122981249207
Fwd IAT Min,FWD Init Win Bytes,0.2680365085541272,0.6441729627856952
Fwd IAT Min,Bwd Init Win Bytes,0.38891551748035535,0.7352541350021085
Fwd IAT Min,Fwd Act Data Pkts,0.4640945215979606,0.777644599112678
Fwd IAT Min,Fwd Seg Size Min,0.323869102848513,0.6904868765947695
Fwd IAT Min,Active Mean,0.18715268664167173,0.5587782618041025
Fwd IAT Min,Active Std,0.016867287769618322,0.18213157219856793
Fwd IAT Min,Active Max,0.20305297282172052,0.5777200199882054
Fwd IAT Min,Active Min,0.20882609878835012,0.5843019354513599
Fwd IAT Min,Idle Mean,0.2805576346894023,0.6553072813716755
Fwd IAT Min,Idle Std,0.03895058106013494,0.27375928735955557
Fwd IAT Min,Idle Max,0.3009701394178945,0.6724969733206982
Fwd IAT Min,Idle Min,0.2780658882557834,0.6531286954143329
Bwd IAT Total,Bwd IAT Mean,3.339406940955336,0.9993711681066033
Bwd IAT Total,Bwd IAT Std,1.494739595972895,0.9745185305334859
Bwd IAT Total,Bwd IAT Max,3.02217892080811,0.9988136948209645
Bwd IAT Total,Bwd IAT Min,1.4341674831329092,0.9711882356972779
Bwd IAT Total,Fwd PSH Flags,0.7436233219251798,0.8797760841357379
Bwd IAT Total,Bwd PSH Flags,0.6740176156638253,0.8603777609334502
Bwd IAT Total,Fwd URG Flags,0.0015035549275244087,0.05479592164453342
Bwd IAT Total,Bwd URG Flags,0.0,0.0
Bwd IAT Total,Fwd Header Length,1.3288458612889578,0.9643081104417776
Bwd IAT Total,Bwd Header Length,1.3842018259190114,0.9681104714843216
Bwd IAT Total,Fwd Packets/s,0.9744670386630006,0.9260530192168613
Bwd IAT Total,Bwd Packets/s,1.0237017147943925,0.9332365149403322
Bwd IAT Total,Packet Length Min,0.5247443771542866,0.8061533979228502
Bwd IAT Total,Packet Length Max,0.9958600477487343,0.929268261393813
Bwd IAT Total,Packet Length Mean,0.9001283777387092,0.9136430089073695
Bwd IAT Total,Packet Length Std,1.1970550488216238,0.9532817790054678
Bwd IAT Total,Packet Length Variance,1.1426130772748273,0.9477599653701525
Bwd IAT Total,FIN Flag Count,0.6215070788813182,0.8434967211071485
Bwd IAT Total,SYN Flag Count,0.5844370898928499,0.83023095858549
Bwd IAT Total,RST Flag Count,0.2800444775909927,0.6548600964308964
Bwd IAT Total,PSH Flag Count,0.7361686884839815,0.8778446956929458
Bwd IAT Total,ACK Flag Count,0.980755373110143,0.9270136027817899
Bwd IAT Total,URG Flag Count,0.0,0.0
Bwd IAT Total,CWR Flag Count,0.002333587700671824,0.06823709447426982
Bwd IAT Total,ECE Flag Count,0.0,0.0
Bwd IAT Total,Down/Up Ratio,0.6568720667549135,0.8550954900168402
Bwd IAT Total,Fwd Bytes/Bulk Avg,0.06374058475727162,0.34596243677217753
Bwd IAT Total,Fwd Packet/Bulk Avg,0.05341499662262894,0.3183104751504626
Bwd IAT Total,Fwd Bulk Rate Avg,0.0466620747188391,0.29849927085156486
Bwd IAT Total,Bwd Bytes/Bulk Avg,0.24473544300056904,0.6221329205590086
Bwd IAT Total,Bwd Packet/Bulk Avg,0.1951815506702701,0.5684970722295106
Bwd IAT Total,Bwd Bulk Rate Avg,0.21061896800013447,0.5863156648490334
Bwd IAT Total,Subflow Fwd Packets,0.037602374437030406,0.2691587796460278
Bwd IAT Total,Subflow Fwd Bytes,0.6207737831529982,0.843245680079527
Bwd IAT Total,Subflow Bwd Packets,0.00019815294501057679,0.019905460839043564
Bwd IAT Total,Subflow Bwd Bytes,0.7730400757728599,0.8870842200889948
Bwd IAT Total,FWD Init Win Bytes,0.625072394780505,0.844711005634811
Bwd IAT Total,Bwd Init Win Bytes,0.8732079497338576,0.9086264996141535
Bwd IAT Total,Fwd Act Data Pkts,0.8486150618749382,0.9037752838795889
Bwd IAT Total,Fwd Seg Size Min,0.6706706408893588,0.859363313630533
Bwd IAT Total,Active Mean,0.587871102990718,0.831510759141103
Bwd IAT Total,Active Std,0.3201257379597058,0.6876337401789278
Bwd IAT Total,Active Max,0.5825728466050251,0.8295316628501398
Bwd IAT Total,Active Min,0.59416979045786,0.8338304273296014
Bwd IAT Total,Idle Mean,0.8668115918362846,0.9073900824710558
Bwd IAT Total,Idle Std,0.3406470751501094,0.7028785258511803
Bwd IAT Total,Idle Max,0.8199201288225209,0.8977688836249847
Bwd IAT Total,Idle Min,0.7837201558084246,0.88961879738916
Bwd IAT Mean,Bwd IAT Std,1.7617960813552518,0.9851429845853377
Bwd IAT Mean,Bwd IAT Max,2.7396560361799702,0.997911720102622
Bwd IAT Mean,Bwd IAT Min,1.5338244157611518,0.9764576656353506
Bwd IAT Mean,Fwd PSH Flags,0.7290134106404929,0.8759594906154757
Bwd IAT Mean,Bwd PSH Flags,0.6876528510057325,0.8644291098494269
Bwd IAT Mean,Fwd URG Flags,0.004904986745624118,0.09880289803905343
Bwd IAT Mean,Bwd URG Flags,0.0,0.0
Bwd IAT Mean,Fwd Header Length,1.344319398442563,0.9654152463920228
Bwd IAT Mean,Bwd Header Length,1.56431544711457,0.9778662012088412
Bwd IAT Mean,Fwd Packets/s,1.036897998994605,0.9350359946411111
Bwd IAT Mean,Bwd Packets/s,1.284868555953338,0.9609601092904727
Bwd IAT Mean,Packet Length Min,0.5533496528408657,0.8181390275215824
Bwd IAT Mean,Packet Length Max,1.0212216157330207,0.9328925938070064
Bwd IAT Mean,Packet Length Mean,0.9447711054395258,0.9213354526449745
Bwd IAT Mean,Packet Length Std,1.2408035093995267,0.9572832617724446
Bwd IAT Mean,Packet Length Variance,1.1604761629198368,0.949642015878272
Bwd IAT Mean,FIN Flag Count,0.5888486950331302,0.8318731292087078
Bwd IAT Mean,SYN Flag Count,0.6005508745652697,0.8361443929211877
Bwd IAT Mean,RST Flag Count,0.26958434430990774,0.6455750157447181
Bwd IAT Mean,PSH Flag Count,0.7389574383734687,0.8785710920466911
Bwd IAT Mean,ACK Flag Count,1.082062270499593,0.9408238743532139
Bwd IAT Mean,URG Flag Count,0.0,0.0
Bwd IAT Mean,CWR Flag Count,5.595665295077268e-05,0.01057861256692576
Bwd IAT Mean,ECE Flag Count,0.0030740919587421978,0.07828998983911456
Bwd IAT Mean,Down/Up Ratio,0.7985637707167843,0.8930412694263834
Bwd IAT Mean,Fwd Bytes/Bulk Avg,0.06255913848733252,0.3429394557449128
Bwd IAT Mean,Fwd Packet/Bulk Avg,0.046287871257822744,0.2973547326430096
Bwd IAT Mean,Fwd Bulk Rate Avg,0.028951743438738742,0.23718974169452936
Bwd IAT Mean,Bwd Bytes/Bulk Avg,0.25887864799435567,0.6357236995404606
Bwd IAT Mean,Bwd Packet/Bulk Avg,0.21376216890319144,0.5898122323286855
Bwd IAT Mean,Bwd Bulk Rate Avg,0.21137044291291573,0.5871555200593956
Bwd IAT Mean,Subflow Fwd Packets,0.040549925491057515,0.279102823174721
Bwd IAT Mean,Subflow Fwd Bytes,0.6560438076598425,0.8548348592278078
Bwd IAT Mean,Subflow Bwd Packets,0.001420088320552626,0.05325548943676046
Bwd IAT Mean,Subflow Bwd Bytes,0.8256580649885983,0.8990009386868308
Bwd IAT Mean,FWD Init Win Bytes,0.6379113782893358,0.84899872844106
Bwd IAT Mean,Bwd Init Win Bytes,0.8431032641228651,0.9026511934666517
Bwd IAT Mean,Fwd Act Data Pkts,0.8237840693679224,0.8986002917306245
Bwd IAT Mean,Fwd Seg Size Min,0.683222083138272,0.8631267983251228
Bwd IAT Mean,Active Mean,0.4954322155621229,0.7929340279279302
Bwd IAT Mean,Active Std,0.24239669881839276,0.6198189942221513
Bwd IAT Mean,Active Max,0.4847176877310133,0.7878469787173035
Bwd IAT Mean,Active Min,0.5086246842876068,0.799006777615455
Bwd IAT Mean,Idle Mean,0.7295709109660291,0.8761074932054522
Bwd IAT Mean,Idle Std,0.25692778296795504,0.6338889602419602
Bwd IAT Mean,Idle Max,0.7083857800454898,0.8703472656912296
Bwd IAT Mean,Idle Min,0.6669795015355287,0.8582352445880373
Bwd IAT Std,Bwd IAT Max,1.7457335896802526,0.9846541754680356
Bwd IAT Std,Bwd IAT Min,0.1969471729066825,0.5705915278605748
Bwd IAT Std,Fwd PSH Flags,0.7717629885574677,0.8867770127531248
Bwd IAT Std,Bwd PSH Flags,0.7286955868094545,0.8758750311347117
Bwd IAT Std,Fwd URG Flags,0.0,0.0
Bwd IAT Std,Bwd URG Flags,0.00042654373552064584,0.02920143310483486
Bwd IAT Std,Fwd Header Length,0.9320309863443637,0.9192162014848722
Bwd IAT Std,Bwd Header Length,1.0642899972308308,0.9386127192099694
Bwd IAT Std,Fwd Packets/s,0.6638120446561251,0.8572593640644446
Bwd IAT Std,Bwd Packets/s,0.7588549329451144,0.8836213326513289
Bwd IAT Std,Packet Length Min,0.32371520248572505,0.6903702282416213
Bwd IAT Std,Packet Length Max,0.8564057542375112,0.9053408192095713
Bwd IAT Std,Packet Length Mean,0.7691246638399774,0.8861395255814258
Bwd IAT Std,Packet Length Std,0.8703066548756642,0.9080678469982888
Bwd IAT Std,Packet Length Variance,0.8034692863639528,0.8941473630605407
Bwd IAT Std,FIN Flag Count,0.5411919609172937,0.8131500964367482
Bwd IAT Std,SYN Flag Count,0.4686467895154154,0.779944568137091
Bwd IAT Std,RST Flag Count,0.16733575025839276,0.5333168728390029
Bwd IAT Std,PSH Flag Count,0.7891503164303133,0.8908841545906506
Bwd IAT Std,ACK Flag Count,0.9193059329039937,0.917039781530128
Bwd IAT Std,URG Flag Count,0.0,0.0
Bwd IAT Std,CWR Flag Count,0.0005292677847874572,0.03252653560445192
Bwd IAT Std,ECE Flag Count,0.004216770231737943,0.09164102750796457
Bwd IAT Std,Down/Up Ratio,0.6909563231347038,0.8653913379796104
Bwd IAT Std,Fwd Bytes/Bulk Avg,0.05148568635291273,0.31280537190810975
Bwd IAT Std,Fwd Packet/Bulk Avg,0.03832993662436168,0.27165266964111046
Bwd IAT Std,Fwd Bulk Rate Avg,0.02978939381515211,0.24049677750287551
Bwd IAT Std,Bwd Bytes/Bulk Avg,0.2630974032982465,0.6396491286726025
Bwd IAT Std,Bwd Packet/Bulk Avg,0.21848410975684818,0.5949857468687197
Bwd IAT Std,Bwd Bulk Rate Avg,0.22681157592582313,0.6038856612810445
Bwd IAT Std,Subflow Fwd Packets,0.017542308284999475,0.1856779106516905
Bwd IAT Std,Subflow Fwd Bytes,0.44315467733127534,0.7666980255105751
Bwd IAT Std,Subflow Bwd Packets,0.0,0.0
Bwd IAT Std,Subflow Bwd Bytes,0.6540407754556279,0.8542024413024976
Bwd IAT Std,FWD Init Win Bytes,0.5173212490117027,0.8028988742293123
Bwd IAT Std,Bwd Init Win Bytes,0.792094795619076,0.8915638216508995
Bwd IAT Std,Fwd Act Data Pkts,0.5243701523543649,0.8059907928699823
Bwd IAT Std,Fwd Seg Size Min,0.5492060167291566,0.8164556988875331
Bwd IAT Std,Active Mean,0.4163833568183941,0.7517682287840647
Bwd IAT Std,Active Std,0.277615431059429,0.6527329124880119
Bwd IAT Std,Active Max,0.4151965001359441,0.7510805865532816
Bwd IAT Std,Active Min,0.42357984957481065,0.7558897772684986
Bwd IAT Std,Idle Mean,0.5490377209313966,0.8163869607538341
Bwd IAT Std,Idle Std,0.29935237994488073,0.6711758789669333
Bwd IAT Std,Idle Max,0.5391406105359744,0.812293224653073
Bwd IAT Std,Idle Min,0.4909475340317062,0.7908220202594318
Bwd IAT Max,Bwd IAT Min,1.517564016408822,0.9756697657839651
Bwd IAT Max,Fwd PSH Flags,0.7567351752162486,0.8830941786522724
Bwd IAT Max,Bwd PSH Flags,0.6877030965026378,0.8644438009581646
Bwd IAT Max,Fwd URG Flags,0.0,0.0
Bwd IAT Max,Bwd URG Flags,0.0,0.0
Bwd IAT Max,Fwd Header Length,1.337888456769731,0.964959421666407
Bwd IAT Max,Bwd Header Length,1.3925961451665962,0.9686499779254514
Bwd IAT Max,Fwd Packets/s,1.0318792821690534,0.9343576268855864
Bwd IAT Max,Bwd Packets/s,1.0534716735809209,0.9372250979589091
Bwd IAT Max,Packet Length Min,0.5463427289629035,0.8152822764429404
Bwd IAT Max,Packet Length Max,1.0438329099690655,0.9359614409395339
Bwd IAT Max,Packet Length Mean,0.9271341793517527,0.9183858383089654
Bwd IAT Max,Packet Length Std,1.2134660476146548,0.9548259862780571
Bwd IAT Max,Packet Length Variance,1.15518099180884,0.9490914986895979
Bwd IAT Max,FIN Flag Count,0.6058142518235403,0.838026217208376
Bwd IAT Max,SYN Flag Count,0.5990583736417507,0.835606383903769
Bwd IAT Max,RST Flag Count,0.2724020335569004,0.6481084750682583
Bwd IAT Max,PSH Flag Count,0.7595207757800053,0.8837863930225995
Bwd IAT Max,ACK Flag Count,0.9753897686439199,0.92619479222255
Bwd IAT Max,URG Flag Count,0.0013896407132660826,0.052682281646421206
Bwd IAT Max,CWR Flag Count,0.00242233419273985,0.06951943546986937
Bwd IAT Max,ECE Flag Count,0.0,0.0
Bwd IAT Max,Down/Up Ratio,0.6665439464960823,0.8581014838423489
Bwd IAT Max,Fwd Bytes/Bulk Avg,0.07420522442390443,0.37137958516752373
Bwd IAT Max,Fwd Packet/Bulk Avg,0.058958337513761006,0.3335114596622439
Bwd IAT Max,Fwd Bulk Rate Avg,0.054249871543627926,0.32065694236412146
Bwd IAT Max,Bwd Bytes/Bulk Avg,0.2661244477263356,0.6424307387046972
Bwd IAT Max,Bwd Packet/Bulk Avg,0.19962350849833221,0.5737377661310302
Bwd IAT Max,Bwd Bulk Rate Avg,0.22975221448860816,0.6069624626611763
Bwd IAT Max,Subflow Fwd Packets,0.03769332261913849,0.269471987292598
Bwd IAT Max,Subflow Fwd Bytes,0.631925551407261,0.8470160881483851
Bwd IAT Max,Subflow Bwd Packets,0.0,0.0
Bwd IAT Max,Subflow Bwd Bytes,0.7813846371611382,0.8890697656621106
Bwd IAT Max,FWD Init Win Bytes,0.7042862232655449,0.8691995975416006
Bwd IAT Max,Bwd Init Win Bytes,0.933186589985441,0.9194108681742613
Bwd IAT Max,Fwd Act Data Pkts,0.8660177321439915,0.9072354044621748
Bwd IAT Max,Fwd Seg Size Min,0.7046722867784139,0.8693081423933634
Bwd IAT Max,Active Mean,0.5750464161228743,0.8266756458001027
Bwd IAT Max,Active Std,0.29127071545636785,0.6644717976155854
Bwd IAT Max,Active Max,0.5778873299441649,0.8277598873010563
Bwd IAT Max,Active Min,0.6550298618409158,0.8545151009673901
Bwd IAT Max,Idle Mean,1.0474556116765692,0.9364394428351902
Bwd IAT Max,Idle Std,0.3628697165159278,0.7183546646725055
Bwd IAT Max,Idle Max,1.2021303279558797,0.953765035243316
Bwd IAT Max,Idle Min,0.9590685519620799,0.9236447746759027
Bwd IAT Min,Fwd PSH Flags,0.3516542269763949,0.7106721543975612
Bwd IAT Min,Bwd PSH Flags,0.35548622912924444,0.7133257836406881
Bwd IAT Min,Fwd URG Flags,0.0014536132929814372,0.05387953874221628
Bwd IAT Min,Bwd URG Flags,0.0,0.0
Bwd IAT Min,Fwd Header Length,0.8199385436817783,0.8977728630591116
Bwd IAT Min,Bwd Header Length,0.9213096002665155,0.9173865075827817
Bwd IAT Min,Fwd Packets/s,0.4946753800690553,0.7925793261556551
Bwd IAT Min,Bwd Packets/s,0.5163845396195423,0.8024838020341072
Bwd IAT Min,Packet Length Min,0.2885280094465523,0.6621562311965147
Bwd IAT Min,Packet Length Max,0.7106760367883025,0.8709836837730041
Bwd IAT Min,Packet Length Mean,0.4962930215249237,0.7933366125964417
Bwd IAT Min,Packet Length Std,0.698209164988735,0.8674780824306604
Bwd IAT Min,Packet Length Variance,0.686482180683825,0.8640863324512931
Bwd IAT Min,FIN Flag Count,0.28393760737957496,0.6582337454871289
Bwd IAT Min,SYN Flag Count,0.3374597669552175,0.7005730568027311
Bwd IAT Min,RST Flag Count,0.16055793515287586,0.5240809089770381
Bwd IAT Min,PSH Flag Count,0.3668868376721903,0.7210451795507502
Bwd IAT Min,ACK Flag Count,0.5645987330635078,0.8226222671390768
Bwd IAT Min,URG Flag Count,0.0,0.0
Bwd IAT Min,CWR Flag Count,0.001836241041774933,0.06054541079927625
Bwd IAT Min,ECE Flag Count,0.00043388480499473303,0.029451539973766795
Bwd IAT Min,Down/Up Ratio,0.40027748628943005,0.7422400770331057
Bwd IAT Min,Fwd Bytes/Bulk Avg,0.035751673791462935,0.26269152819831215
Bwd IAT Min,Fwd Packet/Bulk Avg,0.028664389748585428,0.23604330693503664
Bwd IAT Min,Fwd Bulk Rate Avg,0.010618412955845535,0.14495831261521064
Bwd IAT Min,Bwd Bytes/Bulk Avg,0.15402117143777705,0.5148939694344574
Bwd IAT Min,Bwd Packet/Bulk Avg,0.15237280402918874,0.5125320316900763
Bwd IAT Min,Bwd Bulk Rate Avg,0.18126307517791407,0.5514380155677894
Bwd IAT Min,Subflow Fwd Packets,0.03084376325199223,0.24458818210967556
Bwd IAT Min,Subflow Fwd Bytes,0.40176417075159243,0.7431376913535949
Bwd IAT Min,Subflow Bwd Packets,0.0,0.0
Bwd IAT Min,Subflow Bwd Bytes,0.5078307646249671,0.7986471252656748
Bwd IAT Min,FWD Init Win Bytes,0.2923826512045693,0.6654046674313938
Bwd IAT Min,Bwd Init Win Bytes,0.463086592444383,0.7771315929846931
Bwd IAT Min,Fwd Act Data Pkts,0.554054674375573,0.8184237096257703
Bwd IAT Min,Fwd Seg Size Min,0.3468880381227022,0.707329024560712
Bwd IAT Min,Active Mean,0.13367433589879685,0.484348893468355
Bwd IAT Min,Active Std,0.030409176066065413,0.24291118987363683
Bwd IAT Min,Active Max,0.14110540608087163,0.4958682373105212
Bwd IAT Min,Active Min,0.15380976541248792,0.5145920871597588
Bwd IAT Min,Idle Mean,0.3079911744958457,0.6781518575899093
Bwd IAT Min,Idle Std,0.04337092969266276,0.2882468425380976
Bwd IAT Min,Idle Max,0.3201710769682604,0.6876684959151274
Bwd IAT Min,Idle Min,0.30619666368325316,0.676718547484545
Fwd PSH Flags,Bwd PSH Flags,0.9131405966787787,0.9159633041697818
Fwd PSH Flags,Fwd URG Flags,0.0,0.0
Fwd PSH Flags,Bwd URG Flags,0.0009595736299612412,0.04378706286486662
Fwd PSH Flags,Fwd Header Length,0.8954939349789237,0.9128004622196552
Fwd PSH Flags,Bwd Header Length,0.870511803707755,0.9081074669031862
Fwd PSH Flags,Fwd Packets/s,0.5606525934073492,0.8210638121807585
Fwd PSH Flags,Bwd Packets/s,0.5429683056657542,0.8138885357237438
Fwd PSH Flags,Packet Length Min,0.3482555008766788,0.7082930784235226
Fwd PSH Flags,Packet Length Max,0.8642423216217265,0.906888492180352
Fwd PSH Flags,Packet Length Mean,0.8143418537047786,0.896555829502862
Fwd PSH Flags,Packet Length Std,0.8844429813498991,0.9107563604685756
Fwd PSH Flags,Packet Length Variance,0.8817715552611185,0.9102547069499584
Fwd PSH Flags,FIN Flag Count,0.532035784948083,0.8092910112525105
Fwd PSH Flags,SYN Flag Count,0.4519190394310977,0.7713545202730716
Fwd PSH Flags,RST Flag Count,0.12874739240644395,0.47646022124852083
Fwd PSH Flags,PSH Flag Count,1.109106013537902,0.9440320584187107
Fwd PSH Flags,ACK Flag Count,0.8681921788839793,0.9076584334144654
Fwd PSH Flags,URG Flag Count,0.0,0.0
Fwd PSH Flags,CWR Flag Count,0.00016458642632866116,0.018141628405906347
Fwd PSH Flags,ECE Flag Count,0.0034224530845996526,0.08259257326213618
Fwd PSH Flags,Down/Up Ratio,0.5805583916963064,0.8287724174102215
Fwd PSH Flags,Fwd Bytes/Bulk Avg,0.05686061916855856,0.3278616814070354
Fwd PSH Flags,Fwd Packet/Bulk Avg,0.0385065074908173,0.27225391963115453
Fwd PSH Flags,Fwd Bulk Rate Avg,0.055299462994415904,0.3235772587922031
Fwd PSH Flags,Bwd Bytes/Bulk Avg,0.26178824955187974,0.63843712016675
Fwd PSH Flags,Bwd Packet/Bulk Avg,0.18923766466963254,0.5613333520268693
Fwd PSH Flags,Bwd Bulk Rate Avg,0.23200199290133838,0.6092938138988164
Fwd PSH Flags,Subflow Fwd Packets,0.006985591503508637,0.11778811044279346
Fwd PSH Flags,Subflow Fwd Bytes,0.389672956539985,0.7357268876678916
Fwd PSH Flags,Subflow Bwd Packets,0.0,0.0
Fwd PSH Flags,Subflow Bwd Bytes,0.6342317517260216,0.8477833153215915
Fwd PSH Flags,FWD Init Win Bytes,0.5073148562805461,0.7984130210936208
Fwd PSH Flags,Bwd Init Win Bytes,0.8082830377761772,0.8952209579786009
Fwd PSH Flags,Fwd Act Data Pkts,0.8185966597165866,0.8974824527221414
Fwd PSH Flags,Fwd Seg Size Min,0.5477658645304171,0.8158665517090571
Fwd PSH Flags,Active Mean,0.22647486592386912,0.6035311998517073
Fwd PSH Flags,Active Std,0.1566081846874967,0.51856368018008
Fwd PSH Flags,Active Max,0.22969115440721666,0.606898917196359
Fwd PSH Flags,Active Min,0.20996145240857,0.5855787932358361
Fwd PSH Flags,Idle Mean,0.25085589438062694,0.6280976870889486
Fwd PSH Flags,Idle Std,0.1480893147970841,0.506305661197225
Fwd PSH Flags,Idle Max,0.2606255260849899,0.637356072532435
Fwd PSH Flags,Idle Min,0.22487758615948916,0.6018436011498722
Bwd PSH Flags,Fwd URG Flags,0.0,0.0
Bwd PSH Flags,Bwd URG Flags,0.0,0.0
Bwd PSH Flags,Fwd Header Length,0.8492872255501309,0.9039114259364853
Bwd PSH Flags,Bwd Header Length,0.9005695452760181,0.91372276702567
Bwd PSH Flags,Fwd Packets/s,0.4980982439755923,0.7941779778885517
Bwd PSH Flags,Bwd Packets/s,0.5016687272665141,0.7958305681381039
Bwd PSH Flags,Packet Length Min,0.34053613865961907,0.7027986556619441
Bwd PSH Flags,Packet Length Max,0.837407810450876,0.9014750587901964
Bwd PSH Flags,Packet Length Mean,0.7890522803645954,0.8908614472907368
Bwd PSH Flags,Packet Length Std,0.882418095424014,0.9103763887842465
Bwd PSH Flags,Packet Length Variance,0.8803123476927315,0.9099794383647883
Bwd PSH Flags,FIN Flag Count,0.519481519645244,0.8038523554266854
Bwd PSH Flags,SYN Flag Count,0.4347823360885741,0.7621456749093087
Bwd PSH Flags,RST Flag Count,0.12324971257942074,0.46740580784418256
Bwd PSH Flags,PSH Flag Count,1.1355674790367596,0.9469978924977572
Bwd PSH Flags,ACK Flag Count,0.8904336551558165,0.9118706327800559
Bwd PSH Flags,URG Flag Count,0.0006026925627509172,0.034708197024020754
Bwd PSH Flags,CWR Flag Count,0.0,0.0
Bwd PSH Flags,ECE Flag Count,0.0016346998586032058,0.05713196171684625
Bwd PSH Flags,Down/Up Ratio,0.5674607439366621,0.8237430680379826
Bwd PSH Flags,Fwd Bytes/Bulk Avg,0.04046614660925041,0.2788258733955902
Bwd PSH Flags,Fwd Packet/Bulk Avg,0.02472496621570386,0.21965243250960004
Bwd PSH Flags,Fwd Bulk Rate Avg,0.034983728916420986,0.2599535294717169
Bwd PSH Flags,Bwd Bytes/Bulk Avg,0.29138051944804566,0.6645640694611129
Bwd PSH Flags,Bwd Packet/Bulk Avg,0.19767301678511995,0.5714481921679336
Bwd PSH Flags,Bwd Bulk Rate Avg,0.2692149241668842,0.6452410601965601
Bwd PSH Flags,Subflow Fwd Packets,0.008620629869524166,0.13074203510590598
Bwd PSH Flags,Subflow Fwd Bytes,0.33688854385674283,0.7001575143275205
Bwd PSH Flags,Subflow Bwd Packets,0.0,0.0
Bwd PSH Flags,Subflow Bwd Bytes,0.6756914952679258,0.8608821164223007
Bwd PSH Flags,FWD Init Win Bytes,0.4541186285524308,0.7725060540270811
Bwd PSH Flags,Bwd Init Win Bytes,0.7768985912813902,0.8880070057463247
Bwd PSH Flags,Fwd Act Data Pkts,0.5311852919824309,0.8089280064034479
Bwd PSH Flags,Fwd Seg Size Min,0.5301293934647324,0.8084762435007624
Bwd PSH Flags,Active Mean,0.19927978641606536,0.573335600695316
Bwd PSH Flags,Active Std,0.14805874989370071,0.5062607645376508
Bwd PSH Flags,Active Max,0.22708648101258966,0.604174728411239
Bwd PSH Flags,Active Min,0.19911893945111014,0.5731472128186977
Bwd PSH Flags,Idle Mean,0.2278552042038493,0.6049814783641896
Bwd PSH Flags,Idle Std,0.14085856478741654,0.4954926069775103
Bwd PSH Flags,Idle Max,0.22914532437008894,0.6063302286745472
Bwd PSH Flags,Idle Min,0.2108481149136292,0.5865720227787157
Fwd URG Flags,Bwd URG Flags,0.0,0.0
Fwd URG Flags,Fwd Header Length,0.0,0.0
Fwd URG Flags,Bwd Header Length,0.0026865521112169333,0.07320310729101057
Fwd URG Flags,Fwd Packets/s,0.0,0.0
Fwd URG Flags,Bwd Packets/s,0.0,0.0
Fwd URG Flags,Packet Length Min,0.0001904843209610263,0.019516559189147943
Fwd URG Flags,Packet Length Max,0.00012360684307211045,0.015722058750648797
Fwd URG Flags,Packet Length Mean,0.0,0.0
Fwd URG Flags,Packet Length Std,0.0009231102265889746,0.04294784321161486
Fwd URG Flags,Packet Length Variance,0.0,0.0
Fwd URG Flags,FIN Flag Count,0.0,0.0
Fwd URG Flags,SYN Flag Count,0.00522404676153343,0.10194950607396838
Fwd URG Flags,RST Flag Count,0.0005121741680458314,0.03199724785709941
Fwd URG Flags,PSH Flag Count,0.0,0.0
Fwd URG Flags,ACK Flag Count,0.0017114524394612474,0.05845556789778448
Fwd URG Flags,URG Flag Count,0.0011789319191688463,0.048529230994075384
Fwd URG Flags,CWR Flag Count,0.0,0.0
Fwd URG Flags,ECE Flag Count,0.0,0.0
Fwd URG Flags,Down/Up Ratio,0.0006346463171071903,0.03561583107324109
Fwd URG Flags,Fwd Bytes/Bulk Avg,0.0,0.0
Fwd URG Flags,Fwd Packet/Bulk Avg,0.0,0.0
Fwd URG Flags,Fwd Bulk Rate Avg,0.001061970897620057,0.04606178271532243
Fwd URG Flags,Bwd Bytes/Bulk Avg,0.006833064335650896,0.11650395303814264
Fwd URG Flags,Bwd Packet/Bulk Avg,0.0,0.0
Fwd URG Flags,Bwd Bulk Rate Avg,0.0,0.0
Fwd URG Flags,Subflow Fwd Packets,0.0,0.0
Fwd URG Flags,Subflow Fwd Bytes,0.0014717640270962562,0.05421439036817912
Fwd URG Flags,Subflow Bwd Packets,0.0,0.0
Fwd URG Flags,Subflow Bwd Bytes,0.0,0.0
Fwd URG Flags,FWD Init Win Bytes,0.0,0.0
Fwd URG Flags,Bwd Init Win Bytes,0.0019416834767005398,0.06225621603526457
Fwd URG Flags,Fwd Act Data Pkts,0.004310169133244557,0.09264604516173151
Fwd URG Flags,Fwd Seg Size Min,0.0050820289142263775,0.10056131638838123
Fwd URG Flags,Active Mean,0.0016873066586482466,0.05804244747941281
Fwd URG Flags,Active Std,0.0,0.0
Fwd URG Flags,Active Max,0.0,0.0
Fwd URG Flags,Active Min,0.002672256972392262,0.07300861209110668
Fwd URG Flags,Idle Mean,0.0,0.0
Fwd URG Flags,Idle Std,0.00231445876331815,0.06795749112004938
Fwd URG Flags,Idle Max,0.0,0.0
Fwd URG Flags,Idle Min,0.0,0.0
Bwd URG Flags,Fwd Header Length,0.0015802956987798211,0.0561747450946532
Bwd URG Flags,Bwd Header Length,0.0035963368940823415,0.08465735890631056
Bwd URG Flags,Fwd Packets/s,8.459988723430456e-05,0.013007131159256155
Bwd URG Flags,Bwd Packets/s,0.0,0.0
Bwd URG Flags,Packet Length Min,0.0006412729198430611,0.0358011693841562
Bwd URG Flags,Packet Length Max,0.0008714133793858991,0.041728993734837114
Bwd URG Flags,Packet Length Mean,0.0008340657275702767,0.04082573817070951
Bwd URG Flags,Packet Length Std,0.0,0.0
Bwd URG Flags,Packet Length Variance,0.002684274219143745,0.07317215000017571
Bwd URG Flags,FIN Flag Count,0.004983704480383544,0.09958864881123963
Bwd URG Flags,SYN Flag Count,0.0016392264859712569,0.05721087932490088
Bwd URG Flags,RST Flag Count,0.0058839899054046185,0.10816195243543802
Bwd URG Flags,PSH Flag Count,0.00021601030107376573,0.020782860599170488
Bwd URG Flags,ACK Flag Count,0.0,0.0
Bwd URG Flags,URG Flag Count,0.0,0.0
Bwd URG Flags,CWR Flag Count,0.0030454626355371772,0.077925690180127
Bwd URG Flags,ECE Flag Count,0.006682647831341981,0.1152231603552424
Bwd URG Flags,Down/Up Ratio,0.0011346890615664407,0.04761097595520822
Bwd URG Flags,Fwd Bytes/Bulk Avg,0.0,0.0
Bwd URG Flags,Fwd Packet/Bulk Avg,0.006782186407498614,0.11607235355511727
Bwd URG Flags,Fwd Bulk Rate Avg,0.0031272939109223685,0.07896245059219299
Bwd URG Flags,Bwd Bytes/Bulk Avg,0.0,0.0
Bwd URG Flags,Bwd Packet/Bulk Avg,0.0,0.0
Bwd URG Flags,Bwd Bulk Rate Avg,0.005998711539372259,0.10920504087170152
Bwd URG Flags,Subflow Fwd Packets,0.0,0.0
Bwd URG Flags,Subflow Fwd Bytes,0.0021537231362973586,0.06556052571246075
Bwd URG Flags,Subflow Bwd Packets,0.0017160960347233356,0.05853468058315564
Bwd URG Flags,Subflow Bwd Bytes,0.0012464076695621884,0.049897002466459124
Bwd URG Flags,FWD Init Win Bytes,0.005878190526831695,0.10810894886628655
Bwd URG Flags,Bwd Init Win Bytes,0.0,0.0
Bwd URG Flags,Fwd Act Data Pkts,0.0,0.0
Bwd URG Flags,Fwd Seg Size Min,0.006330838320872445,0.1121688676137259
Bwd URG Flags,Active Mean,0.0,0.0
Bwd URG Flags,Active Std,0.0002548540200448812,0.02257383797705853
Bwd URG Flags,Active Max,0.0019247279500813619,0.06198432255602341
Bwd URG Flags,Active Min,0.0005293499962695236,0.03252906035259643
Bwd URG Flags,Idle Mean,0.0,0.0
Bwd URG Flags,Idle Std,0.0,0.0
Bwd URG Flags,Idle Max,0.005155667106209627,0.10128353597101111
Bwd URG Flags,Idle Min,0.0027247267112366913,0.07371995717660589
Fwd Header Length,Bwd Header Length,2.0995363308962,0.992466881441607
Fwd Header Length,Fwd Packets/s,1.5013895203696128,0.9748595282639159
Fwd Header Length,Bwd Packets/s,1.3038801281125174,0.962445101354496
Fwd Header Length,Packet Length Min,0.7786684519441547,0.8884275831108441
Fwd Header Length,Packet Length Max,1.418891994608959,0.9702807421402204
Fwd Header Length,Packet Length Mean,1.4870043350252375,0.9741159766959623
Fwd Header Length,Packet Length Std,1.7946365982918158,0.986094115044214
Fwd Header Length,Packet Length Variance,1.8044732842260691,0.9863668895748172
Fwd Header Length,FIN Flag Count,0.6790775349099754,0.8618963190300032
Fwd Header Length,SYN Flag Count,0.9168674029827066,0.9166157473989711
Fwd Header Length,RST Flag Count,0.558483492992246,0.8202006412556432
Fwd Header Length,PSH Flag Count,0.9334621893658195,0.9194572216598647
Fwd Header Length,ACK Flag Count,1.6426784000284833,0.9811079305186354
Fwd Header Length,URG Flag Count,0.0,0.0
Fwd Header Length,CWR Flag Count,0.0013047915805373123,0.051050770404079404
Fwd Header Length,ECE Flag Count,0.002613295642269975,0.07220080623700785
Fwd Header Length,Down/Up Ratio,1.3028207904799576,0.9623638929433965
Fwd Header Length,Fwd Bytes/Bulk Avg,0.1483857314987329,0.5067407179031135
Fwd Header Length,Fwd Packet/Bulk Avg,0.12865841058741356,0.47631582679041595
Fwd Header Length,Fwd Bulk Rate Avg,0.1323609177433216,0.4822661203839659
Fwd Header Length,Bwd Bytes/Bulk Avg,0.32741691210669366,0.6931605957836654
Fwd Header Length,Bwd Packet/Bulk Avg,0.2631674663093335,0.6397138386263986
Fwd Header Length,Bwd Bulk Rate Avg,0.29228307826042066,0.6653212675133845
Fwd Header Length,Subflow Fwd Packets,0.07312969094944322,0.3688718132550114
Fwd Header Length,Subflow Fwd Bytes,0.9936329434926652,0.9289404299641857
Fwd Header Length,Subflow Bwd Packets,0.004609544948872113,0.09579522106524947
Fwd Header Length,Subflow Bwd Bytes,1.201254361208437,0.9536819950260881
Fwd Header Length,FWD Init Win Bytes,1.1773681400149503,0.9513576955344102
Fwd Header Length,Bwd Init Win Bytes,1.0658984559736968,0.9388163050134719
Fwd Header Length,Fwd Act Data Pkts,1.143801773089538,0.9478874230245202
Fwd Header Length,Fwd Seg Size Min,1.1820557497337303,0.9518230867833466
Fwd Header Length,Active Mean,0.3620706438474297,0.7178156845313374
Fwd Header Length,Active Std,0.21515122275479648,0.5913439093135472
Fwd Header Length,Active Max,0.3864166566561966,0.7336872195126741
Fwd Header Length,Active Min,0.391540553868297,0.736888195970064
Fwd Header Length,Idle Mean,0.4431042633745017,0.7666709213008457
Fwd Header Length,Idle Std,0.2219991297106363,0.5987766383641253
Fwd Header Length,Idle Max,0.45026580702169383,0.7704845364829057
Fwd Header Length,Idle Min,0.394520141932424,0.7387282541434675
Bwd Header Length,Fwd Packets/s,1.3046683184626433,0.9625054077525266
Bwd Header Length,Bwd Packets/s,1.4823360528350404,0.9738699202651838
Bwd Header Length,Packet Length Min,0.7954478308028543,0.8923323118858238
Bwd Header Length,Packet Length Max,1.4799709108461796,0.973744354542131
Bwd Header Length,Packet Length Mean,1.4437109964623138,0.9717408742444009
Bwd Header Length,Packet Length Std,1.7497147870813858,0.9847768205518086
Bwd Header Length,Packet Length Variance,1.7575807290523837,0.985016243359502
Bwd Header Length,FIN Flag Count,0.6635175081987041,0.8571682473590915
Bwd Header Length,SYN Flag Count,0.9147209463537491,0.9162406230107227
Bwd Header Length,RST Flag Count,0.5241286722864862,0.8058857849029094
Bwd Header Length,PSH Flag Count,0.9322545097323793,0.9192538933386221
Bwd Header Length,ACK Flag Count,1.7042410829786974,0.9833151125074902
Bwd Header Length,URG Flag Count,0.0,0.0
Bwd Header Length,CWR Flag Count,0.005115814498631188,0.10089332953193911
Bwd Header Length,ECE Flag Count,0.005629082626792403,0.10580656532116256
Bwd Header Length,Down/Up Ratio,1.2978658982281948,0.9619816679805435
Bwd Header Length,Fwd Bytes/Bulk Avg,0.07569714955607232,0.37482165318016164
Bwd Header Length,Fwd Packet/Bulk Avg,0.05977471261986622,0.3356781930300704
Bwd Header Length,Fwd Bulk Rate Avg,0.06504108282924825,0.34925165053973234
Bwd Header Length,Bwd Bytes/Bulk Avg,0.37305898595165665,0.7251180201205193
Bwd Header Length,Bwd Packet/Bulk Avg,0.32635672814840255,0.6923646810064724
Bwd Header Length,Bwd Bulk Rate Avg,0.3277252032475202,0.6933915523072647
Bwd Header Length,Subflow Fwd Packets,0.12362706678311142,0.46803610471456664
Bwd Header Length,Subflow Fwd Bytes,0.9903331702145266,0.9284517936644379
Bwd Header Length,Subflow Bwd Packets,0.005501561164178881,0.10460788397996627
Bwd Header Length,Subflow Bwd Bytes,1.2079895171573334,0.9543165679972094
Bwd Header Length,FWD Init Win Bytes,1.0334486833526073,0.9345705442102783
Bwd Header Length,Bwd Init Win Bytes,1.1045883685501705,0.9435088774488763
Bwd Header Length,Fwd Act Data Pkts,1.0524264617694383,0.9370893254020285
Bwd Header Length,Fwd Seg Size Min,1.0442244521626325,0.9360132823496129
Bwd Header Length,Active Mean,0.3669936889174936,0.7211163132552032
Bwd Header Length,Active Std,0.23523643427064833,0.6126117904207468
Bwd Header Length,Active Max,0.38197870059602756,0.730876637623745
Bwd Header Length,Active Min,0.39675626156719,0.7400990127058904
Bwd Header Length,Idle Mean,0.4325941085079217,0.7609386893711523
Bwd Header Length,Idle Std,0.23045229120310218,0.6076900068044252
Bwd Header Length,Idle Max,0.45252800142125604,0.7716740048479591
Bwd Header Length,Idle Min,0.3873851714861365,0.7342958552176344
Fwd Packets/s,Bwd Packets/s,5.672867911836153,0.9999940900905566
Fwd Packets/s,Packet Length Min,0.5217454323163815,0.8048459662383727
Fwd Packets/s,Packet Length Max,1.0706667211513432,0.9394157430926529
Fwd Packets/s,Packet Length Mean,0.976303379038681,0.9263348851948943
Fwd Packets/s,Packet Length Std,1.0965737365461115,0.9425682747483958
Fwd Packets/s,Packet Length Variance,1.040322774213358,0.9354947409139698
Fwd Packets/s,FIN Flag Count,0.42403124065079867,0.7561455817876551
Fwd Packets/s,SYN Flag Count,0.6181611028857248,0.8423476283119369
Fwd Packets/s,RST Flag Count,0.313971108815867,0.6828697625317002
Fwd Packets/s,PSH Flag Count,0.5656285947827593,0.8230264895146544
Fwd Packets/s,ACK Flag Count,0.9796886208675737,0.9268515690298376
Fwd Packets/s,URG Flag Count,0.0031240974703015123,0.07892221209538455
Fwd Packets/s,CWR Flag Count,0.0019147338957659077,0.06182349658940083
Fwd Packets/s,ECE Flag Count,0.0017806863568521347,0.05962414399867349
Fwd Packets/s,Down/Up Ratio,0.7534223758674949,0.8822652069608755
Fwd Packets/s,Fwd Bytes/Bulk Avg,0.08019080430158021,0.38494328724619464
Fwd Packets/s,Fwd Packet/Bulk Avg,0.07453195656159073,0.3721370028824636
Fwd Packets/s,Fwd Bulk Rate Avg,0.07310060082547909,0.3688036730858819
Fwd Packets/s,Bwd Bytes/Bulk Avg,0.17670375172086983,0.5456272087427625
Fwd Packets/s,Bwd Packet/Bulk Avg,0.14594416445319314,0.5031382184957902
Fwd Packets/s,Bwd Bulk Rate Avg,0.11674178424039727,0.45632159095612207
Fwd Packets/s,Subflow Fwd Packets,0.09461699356890385,0.4152194143363282
Fwd Packets/s,Subflow Fwd Bytes,0.7181803873477799,0.8730454953707841
Fwd Packets/s,Subflow Bwd Packets,0.0015422687405293178,0.055495812299599635
Fwd Packets/s,Subflow Bwd Bytes,0.9021326193834884,0.9140047316943751
Fwd Packets/s,FWD Init Win Bytes,0.6597950315843928,0.8560111955962286
Fwd Packets/s,Bwd Init Win Bytes,0.7313129591881555,0.8765687416201807
Fwd Packets/s,Fwd Act Data Pkts,0.6722786288097149,0.8598516817627104
Fwd Packets/s,Fwd Seg Size Min,0.69288448246646,0.8659495461296053
Fwd Packets/s,Active Mean,0.38114992670228975,0.7303477947814032
Fwd Packets/s,Active Std,0.13581065388152735,0.4877060343905763
Fwd Packets/s,Active Max,0.36870007578529496,0.7222492968219086
Fwd Packets/s,Active Min,0.4228629623255653,0.7554828620894404
Fwd Packets/s,Idle Mean,0.4178644813740875,0.7526232003146073
Fwd Packets/s,Idle Std,0.1769054012241793,0.5458866430463142
Fwd Packets/s,Idle Max,0.4473098409137348,0.7689193526692611
Fwd Packets/s,Idle Min,0.4186221184050605,0.7530591901306736
Bwd Packets/s,Packet Length Min,0.5119322294884721,0.8004972673753509
Bwd Packets/s,Packet Length Max,1.083258690645251,0.9409697406243168
Bwd Packets/s,Packet Length Mean,0.9645585876201013,0.9245126308025743
Bwd Packets/s,Packet Length Std,1.1059095362100253,0.943662399122485
Bwd Packets/s,Packet Length Variance,1.0417030511199208,0.9356786782908676
Bwd Packets/s,FIN Flag Count,0.4179750993135045,0.7526869134625933
Bwd Packets/s,SYN Flag Count,0.6021533553322798,0.8367198785611777
Bwd Packets/s,RST Flag Count,0.3188250421299825,0.6866345652290039
Bwd Packets/s,PSH Flag Count,0.5572792955065453,0.8197194302923668
Bwd Packets/s,ACK Flag Count,1.0148568440005485,0.9320015399838781
Bwd Packets/s,URG Flag Count,0.0,0.0
Bwd Packets/s,CWR Flag Count,0.0015702859072217468,0.055996833637345186
Bwd Packets/s,ECE Flag Count,0.0,0.0
Bwd Packets/s,Down/Up Ratio,0.7727340332640971,0.8870106817625504
Bwd Packets/s,Fwd Bytes/Bulk Avg,0.05709712422025226,0.3285047138194477
Bwd Packets/s,Fwd Packet/Bulk Avg,0.05160107443386108,0.3131379440975236
Bwd Packets/s,Fwd Bulk Rate Avg,0.051437480948757,0.3126663065011318
Bwd Packets/s,Bwd Bytes/Bulk Avg,0.19927607980865636,0.5733312608054342
Bwd Packets/s,Bwd Packet/Bulk Avg,0.17438188871900318,0.5426234608595494
Bwd Packets/s,Bwd Bulk Rate Avg,0.14431163950719528,0.5007050756932502
Bwd Packets/s,Subflow Fwd Packets,0.12133543030759375,0.4641877950776763
Bwd Packets/s,Subflow Fwd Bytes,0.7137272841217079,0.8718263343692942
Bwd Packets/s,Subflow Bwd Packets,0.0010268312307717409,0.04529409607899581
Bwd Packets/s,Subflow Bwd Bytes,0.9054350913421301,0.9145972940318577
Bwd Packets/s,FWD Init Win Bytes,0.6409794147171026,0.8500039965356203
Bwd Packets/s,Bwd Init Win Bytes,0.7320950363343521,0.8767752142537512
Bwd Packets/s,Fwd Act Data Pkts,0.6312094669885298,0.846776998192125
Bwd Packets/s,Fwd Seg Size Min,0.6781023790713148,0.8616050618055211
Bwd Packets/s,Active Mean,0.41064353089075833,0.7484215681062705
Bwd Packets/s,Active Std,0.15030925989546695,0.5095486712496333
Bwd Packets/s,Active Max,0.3983896371961504,0.7410948236336915
Bwd Packets/s,Active Min,0.4491283314094323,0.7698837146397035
Bwd Packets/s,Idle Mean,0.43742897819010906,0.7635959425806834
Bwd Packets/s,Idle Std,0.18324001266091328,0.5539223933083167
Bwd Packets/s,Idle Max,0.4592614511959323,0.775172156640763
Bwd Packets/s,Idle Min,0.4218877886490988,0.7549280494710289
Packet Length Min,Packet Length Max,1.397088492383042,0.9689348824822713
Packet Length Min,Packet Length Mean,1.3218367464326803,0.963794788662574
Packet Length Min,Packet Length Std,1.0441435084469664,0.9360025687125656
Packet Length Min,Packet Length Variance,1.0466632099798732,0.9363352049317752
Packet Length Min,FIN Flag Count,0.33880447771482913,0.701548440581358
Packet Length Min,SYN Flag Count,0.5756716111325844,0.8269149041238035
Packet Length Min,RST Flag Count,0.24188180898626843,0.619306947727403
Packet Length Min,PSH Flag Count,0.3479771119233117,0.7080971357181273
Packet Length Min,ACK Flag Count,0.6120693998247493,0.8402316385828684
Packet Length Min,URG Flag Count,0.0038668688157947884,0.08777191593705654
Packet Length Min,CWR Flag Count,0.0020147536442385316,0.0634145071531564
Packet Length Min,ECE Flag Count,0.0027886219973556337,0.07457694042477242
Packet Length Min,Down/Up Ratio,0.30751609951940573,0.677773201393796
Packet Length Min,Fwd Bytes/Bulk Avg,0.12342827241803978,0.46770422252135646
Packet Length Min,Fwd Packet/Bulk Avg,0.03006335229140511,0.24156735031629525
Packet Length Min,Fwd Bulk Rate Avg,0.05106203069374171,0.3115806035059986
Packet Length Min,Bwd Bytes/Bulk Avg,0.1004694153834329,0.42665857056869144
Packet Length Min,Bwd Packet/Bulk Avg,0.09115736663924512,0.4082413261593925
Packet Length Min,Bwd Bulk Rate Avg,0.10363537773393627,0.43266667277501897
Packet Length Min,Subflow Fwd Packets,0.027183378454957996,0.23003327380594638
Packet Length Min,Subflow Fwd Bytes,1.5533307903641242,0.9773688654516695
Packet Length Min,Subflow Bwd Packets,0.002661264820267739,0.07285869939034977
Packet Length Min,Subflow Bwd Bytes,0.9851371774977391,0.9276752660398359
Packet Length Min,FWD Init Win Bytes,0.6601466451643629,0.8561209229696561
Packet Length Min,Bwd Init Win Bytes,0.37466184262096114,0.7261638043397406
Packet Length Min,Fwd Act Data Pkts,0.25262698308821463,0.6297997103169813
Packet Length Min,Fwd Seg Size Min,0.682165436063296,0.8628142236307134
Packet Length Min,Active Mean,0.12591346144945437,0.4718270096368269
Packet Length Min,Active Std,0.06697844184119628,0.3540794056150593
Packet Length Min,Active Max,0.14305549949543828,0.4988193749419417
Packet Length Min,Active Min,0.13175158696059608,0.4812949368770073
Packet Length Min,Idle Mean,0.15306285098175998,0.5135230666389804
Packet Length Min,Idle Std,0.07179532205183392,0.36572902964665743
Packet Length Min,Idle Max,0.15192732965697964,0.5118905005479625
Packet Length Min,Idle Min,0.154328771681282,0.5153326710387719
Packet Length Max,Packet Length Mean,2.856383183562162,0.9983468730153932
Packet Length Max,Packet Length Std,2.960102546762937,0.9986567731126385
Packet Length Max,Packet Length Variance,2.9541202784370624,0.9986405944951356
Packet Length Max,FIN Flag Count,0.596437924067553,0.8346570393053439
Packet Length Max,SYN Flag Count,0.8119151752879028,0.8960233660013087
Packet Length Max,RST Flag Count,0.4262591444667585,0.7574035042141132
Packet Length Max,PSH Flag Count,0.8993501726544157,0.913502129520794
Packet Length Max,ACK Flag Count,1.2164284621303194,0.9550991168686807
Packet Length Max,URG Flag Count,0.00040658005151517074,0.02851016622101341
Packet Length Max,CWR Flag Count,0.0035234925508809134,0.08379864751405558
Packet Length Max,ECE Flag Count,0.003636807409244991,0.08513064137807527
Packet Length Max,Down/Up Ratio,0.7746882496671379,0.8874793790030701
Packet Length Max,Fwd Bytes/Bulk Avg,0.09696585705597993,0.41986408467455544
Packet Length Max,Fwd Packet/Bulk Avg,0.05588261751869528,0.3251858354750266
Packet Length Max,Fwd Bulk Rate Avg,0.07083404464418663,0.36344287436887346
Packet Length Max,Bwd Bytes/Bulk Avg,0.38244598385024897,0.7311742577631808
Packet Length Max,Bwd Packet/Bulk Avg,0.2876520832111864,0.6614123230576651
Packet Length Max,Bwd Bulk Rate Avg,0.36333453407127125,0.7186676057229805
Packet Length Max,Subflow Fwd Packets,0.055268004206094457,0.32349020181465343
Packet Length Max,Subflow Fwd Bytes,1.4820361573478218,0.9738540325284629
Packet Length Max,Subflow Bwd Packets,0.0007731777733259726,0.03930853030772944
Packet Length Max,Subflow Bwd Bytes,3.177818992364722,0.9991311592016865
Packet Length Max,FWD Init Win Bytes,0.9998848948665686,0.9298567403666417
Packet Length Max,Bwd Init Win Bytes,1.117359757963472,0.9449750559403778
Packet Length Max,Fwd Act Data Pkts,0.7368182938303116,0.8780143167859257
Packet Length Max,Fwd Seg Size Min,0.9418127140142327,0.9208485744674338
Packet Length Max,Active Mean,0.3106413229718612,0.6802537117409992
Packet Length Max,Active Std,0.1875615065682319,0.55928102204435
Packet Length Max,Active Max,0.3313740807125667,0.6961085450295832
Packet Length Max,Active Min,0.36350113677948803,0.718779667991517
Packet Length Max,Idle Mean,0.36925573482647067,0.7226170196572335
Packet Length Max,Idle Std,0.17412230710867593,0.5422857406259263
Packet Length Max,Idle Max,0.39264873389990607,0.7375743752057482
Packet Length Max,Idle Min,0.34356623582437695,0.7049706257735702
Packet Length Mean,Packet Length Std,3.0285645438316164,0.9988287579073423
Packet Length Mean,Packet Length Variance,3.036833278926122,0.9988479790855829
Packet Length Mean,FIN Flag Count,0.5657105554617559,0.8230586149416411
Packet Length Mean,SYN Flag Count,0.7527305691240005,0.8820913009613924
Packet Length Mean,RST Flag Count,0.44201714731728403,0.7660855526124711
Packet Length Mean,PSH Flag Count,0.869766244866796,0.9079633927694323
Packet Length Mean,ACK Flag Count,1.2900700394581337,0.9613722533827005
Packet Length Mean,URG Flag Count,0.0,0.0
Packet Length Mean,CWR Flag Count,0.0,0.0
Packet Length Mean,ECE Flag Count,0.0,0.0
Packet Length Mean,Down/Up Ratio,0.9880274668529401,0.9281082881629956
Packet Length Mean,Fwd Bytes/Bulk Avg,0.13139210912555477,0.48072050540778477
Packet Length Mean,Fwd Packet/Bulk Avg,0.10130756495592896,0.42826106177459855
Packet Length Mean,Fwd Bulk Rate Avg,0.09679264302518309,0.419524066615381
Packet Length Mean,Bwd Bytes/Bulk Avg,0.3789942228855936,0.72896631596069
Packet Length Mean,Bwd Packet/Bulk Avg,0.29279205203053893,0.6657472876149434
Packet Length Mean,Bwd Bulk Rate Avg,0.3306903552430924,0.695601750385637
Packet Length Mean,Subflow Fwd Packets,0.05243186542390266,0.3155198608562888
Packet Length Mean,Subflow Fwd Bytes,1.7583668395332914,0.9850399613768699
Packet Length Mean,Subflow Bwd Packets,0.002054735007276154,0.06403934491694502
Packet Length Mean,Subflow Bwd Bytes,3.0334436739091903,0.9988401382120243
Packet Length Mean,FWD Init Win Bytes,0.8685497525253281,0.907727802988276
Packet Length Mean,Bwd Init Win Bytes,0.9347105826273872,0.9196668419758459
Packet Length Mean,Fwd Act Data Pkts,0.7853360657718511,0.8899969687531265
Packet Length Mean,Fwd Seg Size Min,0.8448187698480667,0.9030025375833426
Packet Length Mean,Active Mean,0.2627191315162727,0.6392994882510412
Packet Length Mean,Active Std,0.1236972440364772,0.46815317619623953
Packet Length Mean,Active Max,0.2750300864474817,0.650449771554553
Packet Length Mean,Active Min,0.26441208970274044,0.6408607722646465
Packet Length Mean,Idle Mean,0.2962287640653791,0.6686055022338092
Packet Length Mean,Idle Std,0.1240203004760283,0.4686915184163579
Packet Length Mean,Idle Max,0.30835015229069995,0.6784376005341671
Packet Length Mean,Idle Min,0.26924688303506494,0.6452699675727691
Packet Length Std,Packet Length Variance,6.110246422841118,0.9999975357887814
Packet Length Std,FIN Flag Count,0.6197918605232551,0.8429088280618725
Packet Length Std,SYN Flag Count,0.750567982944021,0.8815458945460224
Packet Length Std,RST Flag Count,0.4378278031786573,0.7638135820627554
Packet Length Std,PSH Flag Count,0.9568864961292043,0.9232969548764447
Packet Length Std,ACK Flag Count,1.3662438426847654,0.9669243785138962
Packet Length Std,URG Flag Count,0.0,0.0
Packet Length Std,CWR Flag Count,0.002385962409154452,0.06899679176563353
Packet Length Std,ECE Flag Count,0.007674308337462854,0.12341566752488822
Packet Length Std,Down/Up Ratio,1.0995354822822776,0.9429177343463717
Packet Length Std,Fwd Bytes/Bulk Avg,0.1239916277410722,0.4686437771501537
Packet Length Std,Fwd Packet/Bulk Avg,0.12214241680539795,0.46554859850480396
Packet Length Std,Fwd Bulk Rate Avg,0.10286890651558522,0.4312232824361079
Packet Length Std,Bwd Bytes/Bulk Avg,0.4337477000972725,0.7615758856739869
Packet Length Std,Bwd Packet/Bulk Avg,0.3693948682615087,0.7227090018591696
Packet Length Std,Bwd Bulk Rate Avg,0.40863224884948357,0.7472361703751943
Packet Length Std,Subflow Fwd Packets,0.0467992626162439,0.298917561927165
Packet Length Std,Subflow Fwd Bytes,1.4672578282858977,0.9730588579042553
Packet Length Std,Subflow Bwd Packets,0.0,0.0
Packet Length Std,Subflow Bwd Bytes,2.6373886564940214,0.9974371676764069
Packet Length Std,FWD Init Win Bytes,0.8709402365162746,0.9081901511366979
Packet Length Std,Bwd Init Win Bytes,1.0312286171851586,0.934269142116997
Packet Length Std,Fwd Act Data Pkts,1.0392130002987385,0.9353464560713047
Packet Length Std,Fwd Seg Size Min,0.8368086355576345,0.9013504562291212
Packet Length Std,Active Mean,0.29533618508821524,0.6678662314619674
Packet Length Std,Active Std,0.18229902311439306,0.5527424880295928
Packet Length Std,Active Max,0.3198397241438551,0.6874143760310133
Packet Length Std,Active Min,0.3035580854579809,0.6745961297934626
Packet Length Std,Idle Mean,0.33344508481032387,0.6976371681523157
Packet Length Std,Idle Std,0.16650213272081782,0.5321962637779506
Packet Length Std,Idle Max,0.33675320720128044,0.7000589564460938
Packet Length Std,Idle Min,0.3129609925791179,0.6820790622373027
Packet Length Variance,FIN Flag Count,0.6195563307421565,0.842827910275082
Packet Length Variance,SYN Flag Count,0.7497160475778295,0.88133029402397
Packet Length Variance,RST Flag Count,0.4461022864809525,0.768276363444253
Packet Length Variance,PSH Flag Count,0.9547748966101084,0.9229587919302604
Packet Length Variance,ACK Flag Count,1.356839869870908,0.9662854554937033
Packet Length Variance,URG Flag Count,0.0,0.0
Packet Length Variance,CWR Flag Count,9.19103439223079e-06,0.0042874117874626425
Packet Length Variance,ECE Flag Count,0.005676275416325982,0.10624666484410165
Packet Length Variance,Down/Up Ratio,1.1000741073651756,0.942981051284131
Packet Length Variance,Fwd Bytes/Bulk Avg,0.1245243807676153,0.4695295935346921
Packet Length Variance,Fwd Packet/Bulk Avg,0.12273615084647416,0.4665458682186008
Packet Length Variance,Fwd Bulk Rate Avg,0.08020732256215624,0.3849798372076556
Packet Length Variance,Bwd Bytes/Bulk Avg,0.44000332929339425,0.7649966340953661
Packet Length Variance,Bwd Packet/Bulk Avg,0.36330678317916787,0.7186489342660617
Packet Length Variance,Bwd Bulk Rate Avg,0.4139041142328459,0.7503292245002458
Packet Length Variance,Subflow Fwd Packets,0.04343986159815927,0.2884660166205928
Packet Length Variance,Subflow Fwd Bytes,1.4674833268213758,0.9730711736292027
Packet Length Variance,Subflow Bwd Packets,0.0015665753876801247,0.05593073913889015
Packet Length Variance,Subflow Bwd Bytes,2.645324478161439,0.9974775739639881
Packet Length Variance,FWD Init Win Bytes,0.8655770118910211,0.9071494157247211
Packet Length Variance,Bwd Init Win Bytes,1.0398847595518426,0.93543625675705
Packet Length Variance,Fwd Act Data Pkts,1.03860428563158,0.9352649714551613
Packet Length Variance,Fwd Seg Size Min,0.8383595207833943,0.9016726315383666
Packet Length Variance,Active Mean,0.2722004086387817,0.6479279908860689
Packet Length Variance,Active Std,0.1705132483457552,0.5375499346595818
Packet Length Variance,Active Max,0.2899701080138719,0.6633763332269188
Packet Length Variance,Active Min,0.2823626218810298,0.6568741670150692
Packet Length Variance,Idle Mean,0.30352081571828826,0.674566022536529
Packet Length Variance,Idle Std,0.1584357661919884,0.5211292276855082
Packet Length Variance,Idle Max,0.3085683465890896,0.678611122179321
Packet Length Variance,Idle Min,0.27785788111984555,0.6529460092786986
FIN Flag Count,SYN Flag Count,0.4224580661965218,0.7552526824386855
FIN Flag Count,RST Flag Count,0.17377597160716896,0.5418345508601254
FIN Flag Count,PSH Flag Count,0.534106314675082,0.8101714948049178
FIN Flag Count,ACK Flag Count,0.6390885386931506,0.8493853052755459
FIN Flag Count,URG Flag Count,0.0031399847221198485,0.07912200483847938
FIN Flag Count,CWR Flag Count,0.0,0.0
FIN Flag Count,ECE Flag Count,0.0,0.0
FIN Flag Count,Down/Up Ratio,0.42535238357356686,0.7568924559873995
FIN Flag Count,Fwd Bytes/Bulk Avg,0.029384764952343545,0.23890571379816664
FIN Flag Count,Fwd Packet/Bulk Avg,0.02292133430931287,0.2116784540696777
FIN Flag Count,Fwd Bulk Rate Avg,0.03176488206635231,0.24810040941495448
FIN Flag Count,Bwd Bytes/Bulk Avg,0.15978805427501364,0.5230134695303754
FIN Flag Count,Bwd Packet/Bulk Avg,0.10929715800856865,0.44311659975468276
FIN Flag Count,Bwd Bulk Rate Avg,0.1422922556419195,0.4976677881118346
FIN Flag Count,Subflow Fwd Packets,0.007006282046375212,0.11796120158897415
FIN Flag Count,Subflow Fwd Bytes,0.22724371271399768,0.604339926528761
FIN Flag Count,Subflow Bwd Packets,0.002033544077800542,0.06370893778427862
FIN Flag Count,Subflow Bwd Bytes,0.45646409558341094,0.7737265148903205
FIN Flag Count,FWD Init Win Bytes,0.46979946002110573,0.7805225558703361
FIN Flag Count,Bwd Init Win Bytes,0.6284750181355747,0.8458602238852122
FIN Flag Count,Fwd Act Data Pkts,0.22672426602226192,0.6037937912815586
FIN Flag Count,Fwd Seg Size Min,0.5215564006266442,0.8047632208224043
FIN Flag Count,Active Mean,0.1278416545624843,0.4749871879173216
FIN Flag Count,Active Std,0.04484326531660621,0.29288612188240515
FIN Flag Count,Active Max,0.13616264553299207,0.48825559186937945
FIN Flag Count,Active Min,0.14988377324708324,0.5089298119674542
FIN Flag Count,Idle Mean,0.1745874350269876,0.5428906069183193
FIN Flag Count,Idle Std,0.06007361252031185,0.33646713148321833
FIN Flag Count,Idle Max,0.17007348988731952,0.5369676763001614
FIN Flag Count,Idle Min,0.1731096521600195,0.54096456115531
SYN Flag Count,RST Flag Count,0.32978044226105396,0.6949256494402862
SYN Flag Count,PSH Flag Count,0.4592649763949206,0.775173971629793
SYN Flag Count,ACK Flag Count,0.7899797881633148,0.8910760771992101
SYN Flag Count,URG Flag Count,0.0,0.0
SYN Flag Count,CWR Flag Count,0.001645092512108981,0.05731298541175328
SYN Flag Count,ECE Flag Count,0.0006439359629020203,0.03587538117782917
SYN Flag Count,Down/Up Ratio,0.4066659668170587,0.746070844298337
SYN Flag Count,Fwd Bytes/Bulk Avg,0.05072849825815684,0.3106122453867634
SYN Flag Count,Fwd Packet/Bulk Avg,0.033851233341691156,0.25585447318385984
SYN Flag Count,Fwd Bulk Rate Avg,0.04495846755515487,0.293245453473085
SYN Flag Count,Bwd Bytes/Bulk Avg,0.14887142155735322,0.5074522123368602
SYN Flag Count,Bwd Packet/Bulk Avg,0.13640139075531366,0.48862776834605043
SYN Flag Count,Bwd Bulk Rate Avg,0.14150492496294031,0.4964752100737651
SYN Flag Count,Subflow Fwd Packets,0.010632030742828036,0.14505025097666271
SYN Flag Count,Subflow Fwd Bytes,0.42178501135131086,0.7548694888010145
SYN Flag Count,Subflow Bwd Packets,0.0,0.0
SYN Flag Count,Subflow Bwd Bytes,0.5787400103677074,0.8280838388957177
SYN Flag Count,FWD Init Win Bytes,0.7457344449901155,0.880317073036089
SYN Flag Count,Bwd Init Win Bytes,0.49676788671732997,0.7935583154608515
SYN Flag Count,Fwd Act Data Pkts,0.2734167947046515,0.6490149723080858
SYN Flag Count,Fwd Seg Size Min,0.7651119924898024,0.8851625997463447
SYN Flag Count,Active Mean,0.17289272533904843,0.5406807748423165
SYN Flag Count,Active Std,0.09016455671939294,0.40620763410953137
SYN Flag Count,Active Max,0.18416265401337917,0.5550747093573465
SYN Flag Count,Active Min,0.16986705567435756,0.536693954152721
SYN Flag Count,Idle Mean,0.1885979419117252,0.5605517574751666
SYN Flag Count,Idle Std,0.09704053909393817,0.4200105638130734
SYN Flag Count,Idle Max,0.18757652667799363,0.5592994771051574
SYN Flag Count,Idle Min,0.1876750369059632,0.5594204868231396
RST Flag Count,PSH Flag Count,0.14029134374548402,0.49462765389491303
RST Flag Count,ACK Flag Count,0.4746646887046557,0.7829428665576814
RST Flag Count,URG Flag Count,0.0020999195377475743,0.06473818104483067
RST Flag Count,CWR Flag Count,0.0,0.0
RST Flag Count,ECE Flag Count,0.0,0.0
RST Flag Count,Down/Up Ratio,0.15162037678674967,0.5114476538196502
RST Flag Count,Fwd Bytes/Bulk Avg,0.01533813003113682,0.1738117319189296
RST Flag Count,Fwd Packet/Bulk Avg,0.00787670993020928,0.12501993349850787
RST Flag Count,Fwd Bulk Rate Avg,0.019212213486487606,0.19415347988047585
RST Flag Count,Bwd Bytes/Bulk Avg,0.11024576766772576,0.44483207107052486
RST Flag Count,Bwd Packet/Bulk Avg,0.07113469167114772,0.3641599027217691
RST Flag Count,Bwd Bulk Rate Avg,0.09154545435273853,0.4090324518871972
RST Flag Count,Subflow Fwd Packets,0.01219375833771874,0.15521773075287496
RST Flag Count,Subflow Fwd Bytes,0.21685121896191006,0.5932073176485357
RST Flag Count,Subflow Bwd Packets,0.004596706457529187,0.09566233689501742
RST Flag Count,Subflow Bwd Bytes,0.386761668853997,0.7339042257426788
RST Flag Count,FWD Init Win Bytes,0.28732971733696644,0.6611380043452542
RST Flag Count,Bwd Init Win Bytes,0.2470360466153778,0.6243902667624386
RST Flag Count,Fwd Act Data Pkts,0.043513354799358694,0.2886994771682978
RST Flag Count,Fwd Seg Size Min,0.30779607826281463,0.6779964262117318
RST Flag Count,Active Mean,0.023784182497903927,0.21553356633003404
RST Flag Count,Active Std,0.013902503369775943,0.1655959103759243
RST Flag Count,Active Max,0.0260751585886565,0.22541921583593977
RST Flag Count,Active Min,0.047151244813061766,0.29998757842688134
RST Flag Count,Idle Mean,0.043409560360121446,0.28836969583766847
RST Flag Count,Idle Std,0.01850763370291908,0.19062680129847587
RST Flag Count,Idle Max,0.045484012031337784,0.29487810030056
RST Flag Count,Idle Min,0.028684288958585213,0.23612289807347328
PSH Flag Count,ACK Flag Count,0.9238623084553277,0.9178260464548147
PSH Flag Count,URG Flag Count,0.0,0.0
PSH Flag Count,CWR Flag Count,0.0,0.0
PSH Flag Count,ECE Flag Count,0.0034006858235509085,0.08233039940977584
PSH Flag Count,Down/Up Ratio,0.6132700056184204,0.8406511414800184
PSH Flag Count,Fwd Bytes/Bulk Avg,0.06464296160841698,0.3482489304974323
PSH Flag Count,Fwd Packet/Bulk Avg,0.033826816743069976,0.25576527096449614
PSH Flag Count,Fwd Bulk Rate Avg,0.04500776869494505,0.29339907076133415
PSH Flag Count,Bwd Bytes/Bulk Avg,0.28985836280932453,0.6632819959148003
PSH Flag Count,Bwd Packet/Bulk Avg,0.19862475342371777,0.5725676426280245
PSH Flag Count,Bwd Bulk Rate Avg,0.25969506627880534,0.6364878339126424
PSH Flag Count,Subflow Fwd Packets,0.0046451746811504435,0.09616302511586487
PSH Flag Count,Subflow Fwd Bytes,0.40540460015375324,0.745319909470187
PSH Flag Count,Subflow Bwd Packets,0.004406490520921125,0.0936710230303183
PSH Flag Count,Subflow Bwd Bytes,0.6959234674114763,0.8668242593885603
PSH Flag Count,FWD Init Win Bytes,0.5020315346790003,0.7959976419858135
PSH Flag Count,Bwd Init Win Bytes,0.8391212936301491,0.9018304718649215
PSH Flag Count,Fwd Act Data Pkts,0.6790770217276787,0.8618961659291364
PSH Flag Count,Fwd Seg Size Min,0.5510219678199082,0.8171955632121272
PSH Flag Count,Active Mean,0.2192460817329671,0.5958118367173435
PSH Flag Count,Active Std,0.15582977607426862,0.5174642285300628
PSH Flag Count,Active Max,0.2423800238844871,0.6198024262563643
PSH Flag Count,Active Min,0.21070210843030246,0.5864087046761591
PSH Flag Count,Idle Mean,0.24697452419905286,0.6243301421755387
PSH Flag Count,Idle Std,0.14198585194418012,0.4972042383401663
PSH Flag Count,Idle Max,0.25062670378042906,0.6278766552134669
PSH Flag Count,Idle Min,0.2272323178913478,0.6043279576311693
ACK Flag Count,URG Flag Count,0.0,0.0
ACK Flag Count,CWR Flag Count,0.0,0.0
ACK Flag Count,ECE Flag Count,0.0014174961101485195,0.05320693023206704
ACK Flag Count,Down/Up Ratio,1.2223503286565558,0.9556400474959404
ACK Flag Count,Fwd Bytes/Bulk Avg,0.05803310380572402,0.33103433505979835
ACK Flag Count,Fwd Packet/Bulk Avg,0.03457567845241627,0.2584851536724731
ACK Flag Count,Fwd Bulk Rate Avg,0.056501674120535306,0.3268827471169142
ACK Flag Count,Bwd Bytes/Bulk Avg,0.3380091940785084,0.7009720638685492
ACK Flag Count,Bwd Packet/Bulk Avg,0.2826781725189864,0.657147129248185
ACK Flag Count,Bwd Bulk Rate Avg,0.3038867167306769,0.6748614496352229
ACK Flag Count,Subflow Fwd Packets,0.023037580732264473,0.21220230315499516
ACK Flag Count,Subflow Fwd Bytes,0.7318381623035304,0.8767074390835092
ACK Flag Count,Subflow Bwd Packets,0.0028849537595423413,0.07585046850020229
ACK Flag Count,Subflow Bwd Bytes,1.115338007818682,0.9447455933741533
ACK Flag Count,FWD Init Win Bytes,0.795445563389503,0.8923317941741192
ACK Flag Count,Bwd Init Win Bytes,0.9311485199491871,0.9190672148947483
ACK Flag Count,Fwd Act Data Pkts,0.7011879342963434,0.8683249521933828
ACK Flag Count,Fwd Seg Size Min,0.880154924655077,0.9099496886649573
ACK Flag Count,Active Mean,0.3137970205057199,0.6827336685959577
ACK Flag Count,Active Std,0.2215494551022008,0.5982944933111689
ACK Flag Count,Active Max,0.3406869525257985,0.7029072295469782
ACK Flag Count,Active Min,0.3236589088151085,0.690327546716026
ACK Flag Count,Idle Mean,0.38014151440542676,0.7297026225341999
ACK Flag Count,Idle Std,0.21356868647432137,0.589598229693752
ACK Flag Count,Idle Max,0.38239578462601376,0.7311423042184441
ACK Flag Count,Idle Min,0.3280088268542869,0.69360383553834
URG Flag Count,CWR Flag Count,0.00295075513712284,0.07670808671927894
URG Flag Count,ECE Flag Count,0.0,0.0
URG Flag Count,Down/Up Ratio,0.0051298859768573735,0.1010312824243277
URG Flag Count,Fwd Bytes/Bulk Avg,0.0008888569594693863,0.04214421338067234
URG Flag Count,Fwd Packet/Bulk Avg,0.007011307845398385,0.11800320657557205
URG Flag Count,Fwd Bulk Rate Avg,0.0,0.0
URG Flag Count,Bwd Bytes/Bulk Avg,0.005473684827702385,0.10434397573163746
URG Flag Count,Bwd Packet/Bulk Avg,0.003190307477565213,0.07975150191322976
URG Flag Count,Bwd Bulk Rate Avg,0.0025645431292771192,0.07152590408901682
URG Flag Count,Subflow Fwd Packets,0.0021695810634474455,0.06580092373730621
URG Flag Count,Subflow Fwd Bytes,0.0,0.0
URG Flag Count,Subflow Bwd Packets,0.0029181734182150976,0.07628465409113076
URG Flag Count,Subflow Bwd Bytes,0.004416742869459256,0.09377944940493378
URG Flag Count,FWD Init Win Bytes,0.0005614007069123517,0.033498825474442585
URG Flag Count,Bwd Init Win Bytes,0.0007936112193833722,0.039824156832367764
URG Flag Count,Fwd Act Data Pkts,0.004658033655280391,0.09629541628634898
URG Flag Count,Fwd Seg Size Min,0.0,0.0
URG Flag Count,Active Mean,0.0003313452403430617,0.025738511026200395
URG Flag Count,Active Std,0.0,0.0
URG Flag Count,Active Max,0.0,0.0
URG Flag Count,Active Min,0.0,0.0
URG Flag Count,Idle Mean,0.0,0.0
URG Flag Count,Idle Std,0.0,0.0
URG Flag Count,Idle Max,0.0,0.0
URG Flag Count,Idle Min,0.0009207259452566063,0.04289239394358954
CWR Flag Count,ECE Flag Count,0.0021504221465926676,0.06551037251533538
CWR Flag Count,Down/Up Ratio,0.006773560789048894,0.1159990185236054
CWR Flag Count,Fwd Bytes/Bulk Avg,0.0005759895472960963,0.033931045097251554
CWR Flag Count,Fwd Packet/Bulk Avg,0.0033205074062623297,0.08135731071994953
CWR Flag Count,Fwd Bulk Rate Avg,0.0,0.0
CWR Flag Count,Bwd Bytes/Bulk Avg,0.0013878687058648254,0.052648728517859254
CWR Flag Count,Bwd Packet/Bulk Avg,0.0,0.0
CWR Flag Count,Bwd Bulk Rate Avg,0.0,0.0
CWR Flag Count,Subflow Fwd Packets,0.0012351385275231053,0.04967120324205444
CWR Flag Count,Subflow Fwd Bytes,0.00225955430527236,0.06714843857948474
CWR Flag Count,Subflow Bwd Packets,0.0002596689800720142,0.022786029218094257
CWR Flag Count,Subflow Bwd Bytes,0.0,0.0
CWR Flag Count,FWD Init Win Bytes,0.005669708436564669,0.10618553576865718
CWR Flag Count,Bwd Init Win Bytes,0.004258206010486099,0.09208827348527401
CWR Flag Count,Fwd Act Data Pkts,0.005167345574791149,0.10139759229013298
CWR Flag Count,Fwd Seg Size Min,0.005062588699353832,0.10036976814360583
CWR Flag Count,Active Mean,0.0,0.0
CWR Flag Count,Active Std,0.0033002928095591244,0.08111010790050344
CWR Flag Count,Active Max,0.0,0.0
CWR Flag Count,Active Min,0.0026101865381624734,0.0721579559651959
CWR Flag Count,Idle Mean,0.004945770688051354,0.09921079066790038
CWR Flag Count,Idle Std,0.0024718172624371704,0.07022417586224723
CWR Flag Count,Idle Max,0.004553244658154654,0.09521108559668862
CWR Flag Count,Idle Min,0.0022556937991469184,0.06709118105317805
ECE Flag Count,Down/Up Ratio,8.73714792515301e-06,0.004180208508633908
ECE Flag Count,Fwd Bytes/Bulk Avg,0.002283888610875806,0.06750822759773623
ECE Flag Count,Fwd Packet/Bulk Avg,0.0013802581266348923,0.05250437631209292
ECE Flag Count,Fwd Bulk Rate Avg,0.0,0.0
ECE Flag Count,Bwd Bytes/Bulk Avg,0.0,0.0
ECE Flag Count,Bwd Packet/Bulk Avg,0.006343827390815626,0.1122831501840896
ECE Flag Count,Bwd Bulk Rate Avg,0.0041554890601682715,0.09097547702371184
ECE Flag Count,Subflow Fwd Packets,0.0018353702923912252,0.06053108005370732
ECE Flag Count,Subflow Fwd Bytes,0.0,0.0
ECE Flag Count,Subflow Bwd Packets,0.0,0.0
ECE Flag Count,Subflow Bwd Bytes,0.0,0.0
ECE Flag Count,FWD Init Win Bytes,0.0,0.0
ECE Flag Count,Bwd Init Win Bytes,0.006204735524746319,0.11105310025988012
ECE Flag Count,Fwd Act Data Pkts,0.0,0.0
ECE Flag Count,Fwd Seg Size Min,0.0,0.0
ECE Flag Count,Active Mean,0.0010613061530513335,0.04604737948738371
ECE Flag Count,Active Std,0.0,0.0
ECE Flag Count,Active Max,0.0014450181620642155,0.05372024003414266
ECE Flag Count,Active Min,0.0002462150281861142,0.022188033544928716
ECE Flag Count,Idle Mean,0.0,0.0
ECE Flag Count,Idle Std,0.001597319548182874,0.05647602736101495
ECE Flag Count,Idle Max,0.0020469205553119707,0.06391770307634756
ECE Flag Count,Idle Min,0.0,0.0
Down/Up Ratio,Fwd Bytes/Bulk Avg,0.1155352276561592,0.4542207119416073
Down/Up Ratio,Fwd Packet/Bulk Avg,0.10029243548721034,0.42631908093513765
Down/Up Ratio,Fwd Bulk Rate Avg,0.10710524512967634,0.43911449083840953
Down/Up Ratio,Bwd Bytes/Bulk Avg,0.23327590663309739,0.6106053449462114
Down/Up Ratio,Bwd Packet/Bulk Avg,0.20442412104661223,0.5792969403426241
Down/Up Ratio,Bwd Bulk Rate Avg,0.2175799463443111,0.5940023716588997
Down/Up Ratio,Subflow Fwd Packets,0.12066860376999422,0.4630586579038639
Down/Up Ratio,Subflow Fwd Bytes,0.4550909402304413,0.7730129239542504
Down/Up Ratio,Subflow Bwd Packets,0.0008947798912242177,0.04228426983050053
Down/Up Ratio,Subflow Bwd Bytes,0.8146759854542713,0.8966289180373295
Down/Up Ratio,FWD Init Win Bytes,0.4575495683990516,0.7742887561349346
Down/Up Ratio,Bwd Init Win Bytes,0.6656818098632717,0.8578363126671408
Down/Up Ratio,Fwd Act Data Pkts,0.4860128831951416,0.7884694783389947
Down/Up Ratio,Fwd Seg Size Min,0.4730033764602348,0.7821198990462357
Down/Up Ratio,Active Mean,0.24866467276301574,0.6259771094316079
Down/Up Ratio,Active Std,0.16568051919024906,0.5310876422847728
Down/Up Ratio,Active Max,0.2551255200454152,0.6321828459646873
Down/Up Ratio,Active Min,0.25822079304178924,0.6351063953134852
Down/Up Ratio,Idle Mean,0.30445369743446893,0.675318545974793
Down/Up Ratio,Idle Std,0.15893073599418983,0.5218202863402316
Down/Up Ratio,Idle Max,0.30213200634887105,0.6734415502342
Down/Up Ratio,Idle Min,0.256798403265571,0.6337668403676221
Fwd Bytes/Bulk Avg,Fwd Packet/Bulk Avg,0.19998902480827763,0.5741648195604044
Fwd Bytes/Bulk Avg,Fwd Bulk Rate Avg,0.21018873105027858,0.5858337167288723
Fwd Bytes/Bulk Avg,Bwd Bytes/Bulk Avg,0.035984175284989206,0.26351404696954833
Fwd Bytes/Bulk Avg,Bwd Packet/Bulk Avg,0.01652884115736164,0.18032539661700175
Fwd Bytes/Bulk Avg,Bwd Bulk Rate Avg,0.02275948303612285,0.21094672244433021
Fwd Bytes/Bulk Avg,Subflow Fwd Packets,0.010848304765462835,0.14650232475635283
Fwd Bytes/Bulk Avg,Subflow Fwd Bytes,0.13565477401777226,0.48746234059677807
Fwd Bytes/Bulk Avg,Subflow Bwd Packets,0.0005711346739714074,0.03378782630832966
Fwd Bytes/Bulk Avg,Subflow Bwd Bytes,0.07464608778740889,0.37240109798631804
Fwd Bytes/Bulk Avg,FWD Init Win Bytes,0.03401967568751285,0.2564688872625643
Fwd Bytes/Bulk Avg,Bwd Init Win Bytes,0.04533510361991944,0.2944165973801894
Fwd Bytes/Bulk Avg,Fwd Act Data Pkts,0.1155920611994885,0.4543200036603367
Fwd Bytes/Bulk Avg,Fwd Seg Size Min,0.03461102657771775,0.2586127317975925
Fwd Bytes/Bulk Avg,Active Mean,0.02321544843294987,0.2130011120816082
Fwd Bytes/Bulk Avg,Active Std,0.012468601290203551,0.15693578018658857
Fwd Bytes/Bulk Avg,Active Max,0.02155050521075985,0.20539075947955335
Fwd Bytes/Bulk Avg,Active Min,0.018083620231966968,0.18847020962913064
Fwd Bytes/Bulk Avg,Idle Mean,0.02450108485465652,0.21867998595097504
Fwd Bytes/Bulk Avg,Idle Std,0.00829932240107123,0.12830294751519605
Fwd Bytes/Bulk Avg,Idle Max,0.027965105930455536,0.23322708759972788
Fwd Bytes/Bulk Avg,Idle Min,0.01599183194059517,0.1774192665777222
Fwd Packet/Bulk Avg,Fwd Bulk Rate Avg,0.19716277251127057,0.5708462495593704
Fwd Packet/Bulk Avg,Bwd Bytes/Bulk Avg,0.020597888188340185,0.2008949066759594
Fwd Packet/Bulk Avg,Bwd Packet/Bulk Avg,0.010923679236356953,0.14700487566219145
Fwd Packet/Bulk Avg,Bwd Bulk Rate Avg,0.015630286322245723,0.17543378473915075
Fwd Packet/Bulk Avg,Subflow Fwd Packets,0.010262763308319656,0.1425353003806598
Fwd Packet/Bulk Avg,Subflow Fwd Bytes,0.05542423008849262,0.3239222467429479
Fwd Packet/Bulk Avg,Subflow Bwd Packets,0.004436996813977245,0.0939932761235175
Fwd Packet/Bulk Avg,Subflow Bwd Bytes,0.0366222593289951,0.26575636762600974
Fwd Packet/Bulk Avg,FWD Init Win Bytes,0.02143320673877014,0.20484295773599046
Fwd Packet/Bulk Avg,Bwd Init Win Bytes,0.032616909436033126,0.2512998509084278
Fwd Packet/Bulk Avg,Fwd Act Data Pkts,0.10266494733585763,0.4308380056044683
Fwd Packet/Bulk Avg,Fwd Seg Size Min,0.0167596694434069,0.18155933011892725
Fwd Packet/Bulk Avg,Active Mean,0.008148173792271507,0.12713882368971127
Fwd Packet/Bulk Avg,Active Std,0.011885896487981107,0.15326927142125096
Fwd Packet/Bulk Avg,Active Max,0.0082198886695517,0.1276925279164123
Fwd Packet/Bulk Avg,Active Min,0.0068460535710519466,0.11661387825310493
Fwd Packet/Bulk Avg,Idle Mean,0.017444492177581594,0.18516851914939642
Fwd Packet/Bulk Avg,Idle Std,0.008562046998012995,0.13030084429513686
Fwd Packet/Bulk Avg,Idle Max,0.019090526810154884,0.19354933736377403
Fwd Packet/Bulk Avg,Idle Min,0.008164252809772954,0.12726318479435622
Fwd Bulk Rate Avg,Bwd Bytes/Bulk Avg,0.02054536865366785,0.20064385964143924
Fwd Bulk Rate Avg,Bwd Packet/Bulk Avg,0.008033746433787847,0.1262501456560117
Fwd Bulk Rate Avg,Bwd Bulk Rate Avg,0.016027336037223172,0.17761296894465667
Fwd Bulk Rate Avg,Subflow Fwd Packets,0.009645697646051943,0.13822628965410447
Fwd Bulk Rate Avg,Subflow Fwd Bytes,0.07542445636508077,0.3741956433271305
Fwd Bulk Rate Avg,Subflow Bwd Packets,0.0011102081963478838,0.04709514934405901
Fwd Bulk Rate Avg,Subflow Bwd Bytes,0.05109812979734585,0.3116851923892076
Fwd Bulk Rate Avg,FWD Init Win Bytes,0.03244376154609174,0.2506534105976464
Fwd Bulk Rate Avg,Bwd Init Win Bytes,0.03577466631834536,0.26277300046502644
Fwd Bulk Rate Avg,Fwd Act Data Pkts,0.11189650663783635,0.44779392680713576
Fwd Bulk Rate Avg,Fwd Seg Size Min,0.029388564051858523,0.23892070773139387
Fwd Bulk Rate Avg,Active Mean,0.013493779909191872,0.16317674347076053
Fwd Bulk Rate Avg,Active Std,0.0065205617715360376,0.1138264316493076
Fwd Bulk Rate Avg,Active Max,0.006038583041858558,0.10956518525914238
Fwd Bulk Rate Avg,Active Min,0.013773501871851224,0.16483641928920006
Fwd Bulk Rate Avg,Idle Mean,0.011352597017993737,0.14983114144500898
Fwd Bulk Rate Avg,Idle Std,0.0026861022506254884,0.07319699458861054
Fwd Bulk Rate Avg,Idle Max,0.020676274603065536,0.2012689678215723
Fwd Bulk Rate Avg,Idle Min,0.015222848591057492,0.1731672455112617
Bwd Bytes/Bulk Avg,Bwd Packet/Bulk Avg,0.5425693850806894,0.8137229882074626
Bwd Bytes/Bulk Avg,Bwd Bulk Rate Avg,0.5332525754561415,0.8098090036464204
Bwd Bytes/Bulk Avg,Subflow Fwd Packets,0.0025617974460132587,0.07148770291320641
Bwd Bytes/Bulk Avg,Subflow Fwd Bytes,0.12055064798065729,0.4628584796274845
Bwd Bytes/Bulk Avg,Subflow Bwd Packets,0.0,0.0
Bwd Bytes/Bulk Avg,Subflow Bwd Bytes,0.39148181642458635,0.7368517657425772
Bwd Bytes/Bulk Avg,FWD Init Win Bytes,0.15040152177125066,0.5096826952148411
Bwd Bytes/Bulk Avg,Bwd Init Win Bytes,0.3109619131477359,0.6805067811585902
Bwd Bytes/Bulk Avg,Fwd Act Data Pkts,0.1757531857752932,0.5444011694051051
Bwd Bytes/Bulk Avg,Fwd Seg Size Min,0.14205286905475578,0.49730568788994856
Bwd Bytes/Bulk Avg,Active Mean,0.05341751336096934,0.31831758050115183
Bwd Bytes/Bulk Avg,Active Std,0.04259588031606665,0.28576884576186734
Bwd Bytes/Bulk Avg,Active Max,0.05980199424261112,0.33575029861837447
Bwd Bytes/Bulk Avg,Active Min,0.06115671494457686,0.3393066754120907
Bwd Bytes/Bulk Avg,Idle Mean,0.08387391620806284,0.39297960201731025
Bwd Bytes/Bulk Avg,Idle Std,0.04723771779552699,0.30024975556846717
Bwd Bytes/Bulk Avg,Idle Max,0.08774623620222766,0.40119357780078113
Bwd Bytes/Bulk Avg,Idle Min,0.0759508086258629,0.37540272438249667
Bwd Packet/Bulk Avg,Bwd Bulk Rate Avg,0.463851525177998,0.777521046659298
Bwd Packet/Bulk Avg,Subflow Fwd Packets,0.0027430637345915443,0.07396692608219868
Bwd Packet/Bulk Avg,Subflow Fwd Bytes,0.08341601635817852,0.3919926566596484
Bwd Packet/Bulk Avg,Subflow Bwd Packets,0.0,0.0
Bwd Packet/Bulk Avg,Subflow Bwd Bytes,0.2913812294606011,0.6645646660000073
Bwd Packet/Bulk Avg,FWD Init Win Bytes,0.12973264077093116,0.47805439902867436
Bwd Packet/Bulk Avg,Bwd Init Win Bytes,0.2028570548915427,0.5774939945872897
Bwd Packet/Bulk Avg,Fwd Act Data Pkts,0.10604103239382745,0.43715178968598783
Bwd Packet/Bulk Avg,Fwd Seg Size Min,0.12886401843700312,0.47664936998168317
Bwd Packet/Bulk Avg,Active Mean,0.03187161716544029,0.24850376670102936
Bwd Packet/Bulk Avg,Active Std,0.029194509923257783,0.2381534793486415
Bwd Packet/Bulk Avg,Active Max,0.04714561757889513,0.2999705077215616
Bwd Packet/Bulk Avg,Active Min,0.037483321536282865,0.26874814693900195
Bwd Packet/Bulk Avg,Idle Mean,0.04604870064698474,0.2966204415583588
Bwd Packet/Bulk Avg,Idle Std,0.028368391466536913,0.23485583796867718
Bwd Packet/Bulk Avg,Idle Max,0.04396826122268127,0.29013960634591907
Bwd Packet/Bulk Avg,Idle Min,0.037563277480911594,0.2690240078205126
Bwd Bulk Rate Avg,Subflow Fwd Packets,0.0,0.0
Bwd Bulk Rate Avg,Subflow Fwd Bytes,0.09693474083469145,0.41980303269620717
Bwd Bulk Rate Avg,Subflow Bwd Packets,0.002275687036497942,0.06738718176166623
Bwd Bulk Rate Avg,Subflow Bwd Bytes,0.33248114762714476,0.6969268838086372
Bwd Bulk Rate Avg,FWD Init Win Bytes,0.1433298145415236,0.4992321857797163
Bwd Bulk Rate Avg,Bwd Init Win Bytes,0.2717559143226955,0.6475296675326165
Bwd Bulk Rate Avg,Fwd Act Data Pkts,0.15396339899579736,0.5148115021486629
Bwd Bulk Rate Avg,Fwd Seg Size Min,0.14338060782786055,0.49930856122628203
Bwd Bulk Rate Avg,Active Mean,0.04989198785577553,0.3081673149286475
Bwd Bulk Rate Avg,Active Std,0.04485618410065584,0.2929264434098584
Bwd Bulk Rate Avg,Active Max,0.062438575094525106,0.3426290649932232
Bwd Bulk Rate Avg,Active Min,0.05847289824280821,0.3322146698837094
Bwd Bulk Rate Avg,Idle Mean,0.07060230419523439,0.36288892284596097
Bwd Bulk Rate Avg,Idle Std,0.04025443673729434,0.27812458275880675
Bwd Bulk Rate Avg,Idle Max,0.07198314915702841,0.36617355116406636
Bwd Bulk Rate Avg,Idle Min,0.06701442674639146,0.3541682792271605
Subflow Fwd Packets,Subflow Fwd Bytes,0.04741298209290257,0.30078029905590176
Subflow Fwd Packets,Subflow Bwd Packets,0.0006825625049868833,0.03693499222529842
Subflow Fwd Packets,Subflow Bwd Bytes,0.04974057107289909,0.3077222418750992
Subflow Fwd Packets,FWD Init Win Bytes,0.02874744765472048,0.23637531628995545
Subflow Fwd Packets,Bwd Init Win Bytes,0.01551675410571196,0.17480535395745017
Subflow Fwd Packets,Fwd Act Data Pkts,0.025863201540564873,0.22452475179759307
Subflow Fwd Packets,Fwd Seg Size Min,0.033861888597790823,0.25589338938286066
Subflow Fwd Packets,Active Mean,0.01885474240715279,0.19237290804589058
Subflow Fwd Packets,Active Std,0.004629248519306017,0.09599879750294588
Subflow Fwd Packets,Active Max,0.014778210098001843,0.170657261562188
Subflow Fwd Packets,Active Min,0.01194555252720253,0.1536488590070882
Subflow Fwd Packets,Idle Mean,0.021310920025553237,0.20427015863554013
Subflow Fwd Packets,Idle Std,0.011088487434198768,0.14809751371059554
Subflow Fwd Packets,Idle Max,0.015434743591561606,0.17434990587566188
Subflow Fwd Packets,Idle Min,0.017445093455494387,0.185171654976183
Subflow Fwd Bytes,Subflow Bwd Packets,0.0019162191317079191,0.06184742391122871
Subflow Fwd Bytes,Subflow Bwd Bytes,1.2339524610057264,0.9566805858572219
Subflow Fwd Bytes,FWD Init Win Bytes,0.49699581413994043,0.7936646324217181
Subflow Fwd Bytes,Bwd Init Win Bytes,0.5367728168060824,0.8112986574542317
Subflow Fwd Bytes,Fwd Act Data Pkts,0.5087607730187607,0.7990683534176827
Subflow Fwd Bytes,Fwd Seg Size Min,0.5218025498299079,0.8048709606344696
Subflow Fwd Bytes,Active Mean,0.17319774260706033,0.5410797245302631
Subflow Fwd Bytes,Active Std,0.07612339255141976,0.3757973903778413
Subflow Fwd Bytes,Active Max,0.17109575722262438,0.5383194443887515
Subflow Fwd Bytes,Active Min,0.16858771239592318,0.5349919498671872
Subflow Fwd Bytes,Idle Mean,0.18971480764938242,0.5619149539188447
Subflow Fwd Bytes,Idle Std,0.07151818268792898,0.3650718427500187
Subflow Fwd Bytes,Idle Max,0.1949242270604019,0.5681905600654017
Subflow Fwd Bytes,Idle Min,0.1700796862277283,0.5369758884555217
Subflow Bwd Packets,Subflow Bwd Bytes,0.002024125603419691,0.06356152990679423
Subflow Bwd Packets,FWD Init Win Bytes,0.004119244874612349,0.090579503176469
Subflow Bwd Packets,Bwd Init Win Bytes,0.0032320557564915475,0.08026994511253702
Subflow Bwd Packets,Fwd Act Data Pkts,0.0019786762543683167,0.06284530617474914
Subflow Bwd Packets,Fwd Seg Size Min,0.00219124031950102,0.06612784272747965
Subflow Bwd Packets,Active Mean,0.0,0.0
Subflow Bwd Packets,Active Std,0.0,0.0
Subflow Bwd Packets,Active Max,0.0,0.0
Subflow Bwd Packets,Active Min,0.0008010428169118455,0.040010035987237
Subflow Bwd Packets,Idle Mean,0.0,0.0
Subflow Bwd Packets,Idle Std,0.0006534053367062143,0.03613802938975395
Subflow Bwd Packets,Idle Max,0.0,0.0
Subflow Bwd Packets,Idle Min,0.005171225308755467,0.1014354542633859
Subflow Bwd Bytes,FWD Init Win Bytes,0.6361004604439247,0.8484019016486818
Subflow Bwd Bytes,Bwd Init Win Bytes,0.7574765325005712,0.8832788337853583
Subflow Bwd Bytes,Fwd Act Data Pkts,0.5658906733942022,0.8231291913252954
Subflow Bwd Bytes,Fwd Seg Size Min,0.6612430516907182,0.8564624913867811
Subflow Bwd Bytes,Active Mean,0.1950418841511139,0.5683307479199876
Subflow Bwd Bytes,Active Std,0.0938932022756549,0.41377322960027263
Subflow Bwd Bytes,Active Max,0.2072225258186604,0.5824887662752672
Subflow Bwd Bytes,Active Min,0.21357023983772638,0.5895999484416777
Subflow Bwd Bytes,Idle Mean,0.2312295465377776,0.6084955485196031
Subflow Bwd Bytes,Idle Std,0.08987731965793255,0.4056165935631206
Subflow Bwd Bytes,Idle Max,0.22589417334288342,0.6029188415959814
Subflow Bwd Bytes,Idle Min,0.20530753513360533,0.5803083799953788
FWD Init Win Bytes,Bwd Init Win Bytes,0.697353741083381,0.8672337963005183
FWD Init Win Bytes,Fwd Act Data Pkts,0.3161342296913201,0.6845545942893176
FWD Init Win Bytes,Fwd Seg Size Min,1.0249897816945124,0.9334144125093465
FWD Init Win Bytes,Active Mean,0.20354717409149092,0.5782893817595105
FWD Init Win Bytes,Active Std,0.09258173559253535,0.41113448729819485
FWD Init Win Bytes,Active Max,0.21176523578158868,0.5875957584270078
FWD Init Win Bytes,Active Min,0.21495825333358987,0.5911316180317866
FWD Init Win Bytes,Idle Mean,0.24892544417757723,0.6262303382094305
FWD Init Win Bytes,Idle Std,0.09716934558976398,0.42026302973527774
FWD Init Win Bytes,Idle Max,0.2723380783153484,0.6480512389732581
FWD Init Win Bytes,Idle Min,0.24698662935829319,0.6243419733398478
Bwd Init Win Bytes,Fwd Act Data Pkts,0.5138074482492048,0.8013367111365947
Bwd Init Win Bytes,Fwd Seg Size Min,0.6854426487029546,0.8637811650703778
Bwd Init Win Bytes,Active Mean,0.31874921096994946,0.686576187725265
Bwd Init Win Bytes,Active Std,0.15313351158549526,0.513624363308196
Bwd Init Win Bytes,Active Max,0.32755038723391294,0.6932606156943208
Bwd Init Win Bytes,Active Min,0.4188946922731418,0.7532158223196206
Bwd Init Win Bytes,Idle Mean,0.38753035248725975,0.7343869451205336
Bwd Init Win Bytes,Idle Std,0.17393516510730667,0.5420420261929474
Bwd Init Win Bytes,Idle Max,0.40267324655245407,0.7436847178001309
Bwd Init Win Bytes,Idle Min,0.35094279094746916,0.7101761515545788
Fwd Act Data Pkts,Fwd Seg Size Min,0.3347727832180425,0.698612075343913
Fwd Act Data Pkts,Active Mean,0.19900637484980788,0.5730153015168927
Fwd Act Data Pkts,Active Std,0.17618716257580846,0.5449615437776582
Fwd Act Data Pkts,Active Max,0.21526723474381182,0.5914714613946654
Fwd Act Data Pkts,Active Min,0.20361393151643803,0.5783662058965467
Fwd Act Data Pkts,Idle Mean,0.25422742584853,0.6313286380778903
Fwd Act Data Pkts,Idle Std,0.17697172442213116,0.5459719220634773
Fwd Act Data Pkts,Idle Max,0.25298289585427547,0.6301404636137515
Fwd Act Data Pkts,Idle Min,0.21952069696711796,0.5961089713229325
Fwd Seg Size Min,Active Mean,0.196078997386139,0.5695635480996392
Fwd Seg Size Min,Active Std,0.09873786938058604,0.4233201459742939
Fwd Seg Size Min,Active Max,0.20891496376308893,0.5844020814134105
Fwd Seg Size Min,Active Min,0.2122350470352643,0.5881187691095343
Fwd Seg Size Min,Idle Mean,0.2296000928891111,0.6068041223365449
Fwd Seg Size Min,Idle Std,0.10442717339101115,0.4341504041484118
Fwd Seg Size Min,Idle Max,0.24127837699710408,0.6187056362554416
Fwd Seg Size Min,Idle Min,0.22982391930582402,0.6070370677465075
Active Mean,Active Std,0.36013749983468557,0.7165065124239239
Active Mean,Active Max,1.4562849696787215,0.9724526156642027
Active Mean,Active Min,1.3956513254298724,0.9688440248006526
Active Mean,Idle Mean,0.5956147872786941,0.8343575784905588
Active Mean,Idle Std,0.22166266623650266,0.5984159567230819
Active Mean,Idle Max,0.5978036306001355,0.8351525671290296
Active Mean,Idle Min,0.5837601323727846,0.8299773947900974
Active Std,Active Max,0.4420991623277626,0.7661297744417748
Active Std,Active Min,0.23441866210553286,0.6117766210835872
Active Std,Idle Mean,0.27933108732494727,0.654237148738134
Active Std,Idle Std,0.2775231296856777,0.6526517405257201
Active Std,Idle Max,0.29392152972952346,0.6666901633220907
Active Std,Idle Min,0.23009055870751016,0.6073143177972635
Active Max,Active Min,1.3328089658630677,0.9645950657297803
Active Max,Idle Mean,0.5888446011771995,0.8318716135195127
Active Max,Idle Std,0.1995424774125425,0.5736430075603743
Active Max,Idle Max,0.5884270962616771,0.8317169588379804
Active Max,Idle Min,0.5836670747488206,0.8299425058617312
Active Min,Idle Mean,0.627302490291699,0.8454652677879195
Active Min,Idle Std,0.26522219598478003,0.6416046629599289
Active Min,Idle Max,0.6710512723477544,0.8594790836761488
Active Min,Idle Min,0.5950356147435674,0.8341465127219406
Idle Mean,Idle Std,0.4823208667380623,0.7866894446225818
Idle Mean,Idle Max,1.6374561359189004,0.9809076475493038
Idle Mean,Idle Min,1.63323690753864,0.9807442677228114
Idle Std,Idle Max,0.3871436196562694,0.7341442163528915
Idle Std,Idle Min,0.46107018819112344,0.7761011708919865
Idle Max,Idle Min,1.511726837020638,0.9753804562459928
